fecha,provincia,homicidios,muertes_violentas,femicidios,robos,extorsiones,secuestros,anio,mes,trimestre
2018-01-01,Azuay,10,17,0,49,3,2,2018,1,1
2018-01-01,Bolívar,7,12,0,53,1,0,2018,1,1
2018-01-01,Cañar,10,11,1,61,3,0,2018,1,1
2018-01-01,Carchi,6,14,0,52,3,2,2018,1,1
2018-01-01,Cotopaxi,16,21,0,40,3,0,2018,1,1
2018-01-01,Chimborazo,11,18,2,63,2,0,2018,1,1
2018-01-01,El Oro,31,30,1,141,10,0,2018,1,1
2018-01-01,Esmeraldas,40,70,2,206,15,2,2018,1,1
2018-01-01,Guayas,48,48,1,223,10,0,2018,1,1
2018-01-01,Imbabura,9,17,2,58,1,0,2018,1,1
2018-01-01,Loja,11,12,0,49,4,0,2018,1,1
2018-01-01,Los Ríos,32,48,0,198,4,1,2018,1,1
2018-01-01,Manabí,30,41,1,144,11,0,2018,1,1
2018-01-01,Morona Santiago,9,18,0,61,2,0,2018,1,1
2018-01-01,Napo,11,16,1,54,4,0,2018,1,1
2018-01-01,Pastaza,8,20,1,60,2,0,2018,1,1
2018-01-01,Pichincha,19,32,1,89,6,0,2018,1,1
2018-01-01,Tungurahua,17,15,2,59,4,1,2018,1,1
2018-01-01,Zamora Chinchipe,11,18,2,54,1,0,2018,1,1
2018-01-01,Galápagos,11,12,0,55,3,0,2018,1,1
2018-01-01,Sucumbíos,4,15,2,54,2,0,2018,1,1
2018-01-01,Orellana,13,10,0,59,5,0,2018,1,1
2018-01-01,Santo Domingo de los Tsáchilas,25,45,0,128,8,1,2018,1,1
2018-01-01,Santa Elena,18,44,2,142,9,2,2018,1,1
2018-02-01,Azuay,5,17,0,69,2,0,2018,2,1
2018-02-01,Bolívar,12,12,3,57,6,1,2018,2,1
2018-02-01,Cañar,15,21,0,72,5,0,2018,2,1
2018-02-01,Carchi,9,19,0,44,3,0,2018,2,1
2018-02-01,Cotopaxi,14,9,1,68,1,1,2018,2,1
2018-02-01,Chimborazo,10,18,0,67,2,0,2018,2,1
2018-02-01,El Oro,15,26,3,129,4,1,2018,2,1
2018-02-01,Esmeraldas,45,64,3,262,13,0,2018,2,1
2018-02-01,Guayas,39,55,4,229,13,2,2018,2,1
2018-02-01,Imbabura,3,13,1,62,5,0,2018,2,1
2018-02-01,Loja,12,12,0,78,3,0,2018,2,1
2018-02-01,Los Ríos,38,53,4,171,6,1,2018,2,1
2018-02-01,Manabí,28,36,2,154,7,0,2018,2,1
2018-02-01,Morona Santiago,7,17,0,71,2,0,2018,2,1
2018-02-01,Napo,7,11,0,59,3,1,2018,2,1
2018-02-01,Pastaza,17,12,1,53,4,0,2018,2,1
2018-02-01,Pichincha,14,31,1,93,3,0,2018,2,1
2018-02-01,Tungurahua,8,10,1,67,1,0,2018,2,1
2018-02-01,Zamora Chinchipe,14,10,0,63,4,0,2018,2,1
2018-02-01,Galápagos,8,11,0,71,3,0,2018,2,1
2018-02-01,Sucumbíos,15,11,1,61,2,0,2018,2,1
2018-02-01,Orellana,11,9,0,62,2,0,2018,2,1
2018-02-01,Santo Domingo de los Tsáchilas,23,47,3,159,10,0,2018,2,1
2018-02-01,Santa Elena,37,35,3,189,12,0,2018,2,1
2018-03-01,Azuay,18,13,1,61,2,0,2018,3,1
2018-03-01,Bolívar,14,16,1,69,2,1,2018,3,1
2018-03-01,Cañar,8,18,1,54,3,0,2018,3,1
2018-03-01,Carchi,18,16,1,62,4,0,2018,3,1
2018-03-01,Cotopaxi,17,20,2,62,1,1,2018,3,1
2018-03-01,Chimborazo,10,15,0,57,2,0,2018,3,1
2018-03-01,El Oro,20,33,1,143,5,1,2018,3,1
2018-03-01,Esmeraldas,47,66,2,245,15,1,2018,3,1
2018-03-01,Guayas,39,45,3,222,13,0,2018,3,1
2018-03-01,Imbabura,8,17,0,68,2,0,2018,3,1
2018-03-01,Loja,15,17,0,72,1,0,2018,3,1
2018-03-01,Los Ríos,29,46,2,185,13,0,2018,3,1
2018-03-01,Manabí,25,41,0,156,4,0,2018,3,1
2018-03-01,Morona Santiago,12,19,0,51,4,1,2018,3,1
2018-03-01,Napo,10,6,1,63,2,0,2018,3,1
2018-03-01,Pastaza,9,15,2,63,4,0,2018,3,1
2018-03-01,Pichincha,21,27,0,105,4,1,2018,3,1
2018-03-01,Tungurahua,19,11,2,64,3,2,2018,3,1
2018-03-01,Zamora Chinchipe,8,22,1,77,4,0,2018,3,1
2018-03-01,Galápagos,8,13,0,56,5,0,2018,3,1
2018-03-01,Sucumbíos,16,20,3,67,6,0,2018,3,1
2018-03-01,Orellana,8,13,0,54,0,1,2018,3,1
2018-03-01,Santo Domingo de los Tsáchilas,29,47,3,168,9,1,2018,3,1
2018-03-01,Santa Elena,31,47,2,174,11,0,2018,3,1
2018-04-01,Azuay,10,18,0,53,2,0,2018,4,2
2018-04-01,Bolívar,12,13,1,70,9,2,2018,4,2
2018-04-01,Cañar,15,13,0,60,4,0,2018,4,2
2018-04-01,Carchi,12,13,1,75,1,0,2018,4,2
2018-04-01,Cotopaxi,5,13,0,50,0,0,2018,4,2
2018-04-01,Chimborazo,9,18,0,58,3,0,2018,4,2
2018-04-01,El Oro,28,27,2,133,5,1,2018,4,2
2018-04-01,Esmeraldas,53,83,6,245,12,0,2018,4,2
2018-04-01,Guayas,44,46,0,217,14,1,2018,4,2
2018-04-01,Imbabura,5,15,0,64,1,0,2018,4,2
2018-04-01,Loja,6,15,1,60,1,0,2018,4,2
2018-04-01,Los Ríos,33,48,2,168,9,1,2018,4,2
2018-04-01,Manabí,37,45,3,129,9,1,2018,4,2
2018-04-01,Morona Santiago,13,17,0,54,5,1,2018,4,2
2018-04-01,Napo,16,14,0,58,4,0,2018,4,2
2018-04-01,Pastaza,7,21,0,84,4,0,2018,4,2
2018-04-01,Pichincha,16,18,1,99,5,0,2018,4,2
2018-04-01,Tungurahua,11,19,0,62,1,0,2018,4,2
2018-04-01,Zamora Chinchipe,14,15,1,70,1,0,2018,4,2
2018-04-01,Galápagos,3,14,0,60,3,1,2018,4,2
2018-04-01,Sucumbíos,16,15,1,65,3,0,2018,4,2
2018-04-01,Orellana,16,17,2,63,1,1,2018,4,2
2018-04-01,Santo Domingo de los Tsáchilas,33,44,1,159,13,0,2018,4,2
2018-04-01,Santa Elena,29,41,1,160,9,0,2018,4,2
2018-05-01,Azuay,9,13,0,61,3,0,2018,5,2
2018-05-01,Bolívar,16,21,1,47,2,1,2018,5,2
2018-05-01,Cañar,9,17,0,48,3,0,2018,5,2
2018-05-01,Carchi,12,24,1,76,3,0,2018,5,2
2018-05-01,Cotopaxi,10,20,0,65,3,0,2018,5,2
2018-05-01,Chimborazo,10,10,1,46,3,0,2018,5,2
2018-05-01,El Oro,26,37,2,116,3,1,2018,5,2
2018-05-01,Esmeraldas,40,55,1,248,12,2,2018,5,2
2018-05-01,Guayas,36,53,1,211,7,0,2018,5,2
2018-05-01,Imbabura,11,14,0,62,3,2,2018,5,2
2018-05-01,Loja,15,16,1,66,1,0,2018,5,2
2018-05-01,Los Ríos,30,35,2,181,15,1,2018,5,2
2018-05-01,Manabí,31,44,4,137,4,0,2018,5,2
2018-05-01,Morona Santiago,19,25,0,58,2,0,2018,5,2
2018-05-01,Napo,12,14,1,52,1,0,2018,5,2
2018-05-01,Pastaza,13,19,0,61,2,0,2018,5,2
2018-05-01,Pichincha,13,22,2,89,1,1,2018,5,2
2018-05-01,Tungurahua,11,24,0,59,2,0,2018,5,2
2018-05-01,Zamora Chinchipe,9,14,0,57,6,1,2018,5,2
2018-05-01,Galápagos,16,16,2,44,3,0,2018,5,2
2018-05-01,Sucumbíos,5,17,0,55,2,0,2018,5,2
2018-05-01,Orellana,8,12,1,51,4,2,2018,5,2
2018-05-01,Santo Domingo de los Tsáchilas,31,46,0,152,7,0,2018,5,2
2018-05-01,Santa Elena,39,37,3,177,9,0,2018,5,2
2018-06-01,Azuay,7,18,0,58,5,0,2018,6,2
2018-06-01,Bolívar,10,11,1,54,3,0,2018,6,2
2018-06-01,Cañar,9,15,1,62,3,0,2018,6,2
2018-06-01,Carchi,9,15,0,60,3,0,2018,6,2
2018-06-01,Cotopaxi,10,7,0,57,4,0,2018,6,2
2018-06-01,Chimborazo,4,17,1,55,2,0,2018,6,2
2018-06-01,El Oro,25,34,2,125,6,0,2018,6,2
2018-06-01,Esmeraldas,49,56,2,244,8,1,2018,6,2
2018-06-01,Guayas,29,55,3,204,17,0,2018,6,2
2018-06-01,Imbabura,8,11,1,63,1,0,2018,6,2
2018-06-01,Loja,16,14,0,67,4,0,2018,6,2
2018-06-01,Los Ríos,29,47,3,170,9,1,2018,6,2
2018-06-01,Manabí,18,36,4,149,4,1,2018,6,2
2018-06-01,Morona Santiago,8,12,0,49,6,0,2018,6,2
2018-06-01,Napo,10,14,0,59,3,0,2018,6,2
2018-06-01,Pastaza,8,15,1,68,3,2,2018,6,2
2018-06-01,Pichincha,12,29,0,86,5,2,2018,6,2
2018-06-01,Tungurahua,7,13,0,57,2,0,2018,6,2
2018-06-01,Zamora Chinchipe,14,16,0,64,3,0,2018,6,2
2018-06-01,Galápagos,5,9,0,62,5,0,2018,6,2
2018-06-01,Sucumbíos,12,16,0,65,4,0,2018,6,2
2018-06-01,Orellana,7,12,3,60,3,0,2018,6,2
2018-06-01,Santo Domingo de los Tsáchilas,28,39,1,149,8,2,2018,6,2
2018-06-01,Santa Elena,36,48,2,150,6,3,2018,6,2
2018-07-01,Azuay,15,7,1,63,0,1,2018,7,3
2018-07-01,Bolívar,5,19,2,54,3,1,2018,7,3
2018-07-01,Cañar,11,14,0,54,5,0,2018,7,3
2018-07-01,Carchi,11,10,0,36,3,0,2018,7,3
2018-07-01,Cotopaxi,11,10,0,34,4,1,2018,7,3
2018-07-01,Chimborazo,5,8,0,64,3,0,2018,7,3
2018-07-01,El Oro,22,40,1,134,3,1,2018,7,3
2018-07-01,Esmeraldas,31,53,1,226,5,3,2018,7,3
2018-07-01,Guayas,38,50,1,213,5,1,2018,7,3
2018-07-01,Imbabura,6,12,1,58,2,1,2018,7,3
2018-07-01,Loja,9,14,1,58,2,1,2018,7,3
2018-07-01,Los Ríos,25,45,1,165,9,2,2018,7,3
2018-07-01,Manabí,13,33,0,148,11,0,2018,7,3
2018-07-01,Morona Santiago,8,9,0,52,1,0,2018,7,3
2018-07-01,Napo,8,12,0,52,5,0,2018,7,3
2018-07-01,Pastaza,7,14,3,63,3,2,2018,7,3
2018-07-01,Pichincha,16,22,0,76,8,0,2018,7,3
2018-07-01,Tungurahua,17,13,1,64,3,0,2018,7,3
2018-07-01,Zamora Chinchipe,12,16,0,51,1,1,2018,7,3
2018-07-01,Galápagos,14,9,1,56,1,0,2018,7,3
2018-07-01,Sucumbíos,9,12,2,71,1,0,2018,7,3
2018-07-01,Orellana,13,5,0,49,5,0,2018,7,3
2018-07-01,Santo Domingo de los Tsáchilas,23,34,0,163,9,1,2018,7,3
2018-07-01,Santa Elena,33,38,0,158,2,1,2018,7,3
2018-08-01,Azuay,4,10,0,41,2,1,2018,8,3
2018-08-01,Bolívar,10,9,2,68,1,1,2018,8,3
2018-08-01,Cañar,8,12,1,55,4,0,2018,8,3
2018-08-01,Carchi,10,8,0,60,2,0,2018,8,3
2018-08-01,Cotopaxi,9,11,1,59,1,0,2018,8,3
2018-08-01,Chimborazo,5,17,2,51,1,0,2018,8,3
2018-08-01,El Oro,18,34,0,120,3,0,2018,8,3
2018-08-01,Esmeraldas,41,54,4,202,8,2,2018,8,3
2018-08-01,Guayas,28,49,0,220,9,0,2018,8,3
2018-08-01,Imbabura,14,10,0,39,6,1,2018,8,3
2018-08-01,Loja,10,19,1,48,1,0,2018,8,3
2018-08-01,Los Ríos,33,37,2,174,12,1,2018,8,3
2018-08-01,Manabí,25,18,0,149,13,0,2018,8,3
2018-08-01,Morona Santiago,7,20,0,59,4,1,2018,8,3
2018-08-01,Napo,5,12,0,48,1,0,2018,8,3
2018-08-01,Pastaza,16,14,0,53,3,0,2018,8,3
2018-08-01,Pichincha,12,18,1,82,10,1,2018,8,3
2018-08-01,Tungurahua,14,17,2,46,3,0,2018,8,3
2018-08-01,Zamora Chinchipe,10,17,1,36,2,0,2018,8,3
2018-08-01,Galápagos,9,12,1,55,2,0,2018,8,3
2018-08-01,Sucumbíos,8,16,0,49,1,0,2018,8,3
2018-08-01,Orellana,8,7,1,47,4,0,2018,8,3
2018-08-01,Santo Domingo de los Tsáchilas,23,26,3,144,4,0,2018,8,3
2018-08-01,Santa Elena,41,44,2,129,5,1,2018,8,3
2018-09-01,Azuay,7,10,0,46,4,2,2018,9,3
2018-09-01,Bolívar,13,11,1,50,2,0,2018,9,3
2018-09-01,Cañar,7,13,0,64,3,0,2018,9,3
2018-09-01,Carchi,8,11,0,52,3,2,2018,9,3
2018-09-01,Cotopaxi,14,14,1,56,1,0,2018,9,3
2018-09-01,Chimborazo,6,18,0,41,3,0,2018,9,3
2018-09-01,El Oro,18,43,1,115,8,1,2018,9,3
2018-09-01,Esmeraldas,36,56,2,206,4,1,2018,9,3
2018-09-01,Guayas,38,47,3,196,9,1,2018,9,3
2018-09-01,Imbabura,10,10,0,38,4,0,2018,9,3
2018-09-01,Loja,6,16,1,59,2,0,2018,9,3
2018-09-01,Los Ríos,24,50,5,167,6,0,2018,9,3
2018-09-01,Manabí,33,27,2,138,7,1,2018,9,3
2018-09-01,Morona Santiago,11,10,1,53,4,2,2018,9,3
2018-09-01,Napo,11,8,0,58,2,0,2018,9,3
2018-09-01,Pastaza,16,19,0,59,1,0,2018,9,3
2018-09-01,Pichincha,17,15,2,75,5,1,2018,9,3
2018-09-01,Tungurahua,11,14,0,36,1,0,2018,9,3
2018-09-01,Zamora Chinchipe,13,17,0,66,1,0,2018,9,3
2018-09-01,Galápagos,7,23,0,58,1,0,2018,9,3
2018-09-01,Sucumbíos,7,17,0,51,2,0,2018,9,3
2018-09-01,Orellana,8,12,0,55,6,0,2018,9,3
2018-09-01,Santo Domingo de los Tsáchilas,26,35,3,134,7,1,2018,9,3
2018-09-01,Santa Elena,28,40,1,139,9,0,2018,9,3
2018-10-01,Azuay,10,14,0,51,1,1,2018,10,4
2018-10-01,Bolívar,10,12,0,49,4,0,2018,10,4
2018-10-01,Cañar,7,16,1,44,3,1,2018,10,4
2018-10-01,Carchi,9,11,3,54,5,0,2018,10,4
2018-10-01,Cotopaxi,8,12,0,45,1,0,2018,10,4
2018-10-01,Chimborazo,14,5,0,56,5,0,2018,10,4
2018-10-01,El Oro,17,27,1,127,5,0,2018,10,4
2018-10-01,Esmeraldas,40,49,6,201,10,1,2018,10,4
2018-10-01,Guayas,24,52,2,171,9,1,2018,10,4
2018-10-01,Imbabura,12,7,0,60,4,0,2018,10,4
2018-10-01,Loja,8,14,0,50,3,0,2018,10,4
2018-10-01,Los Ríos,31,43,1,158,7,0,2018,10,4
2018-10-01,Manabí,26,33,1,153,10,1,2018,10,4
2018-10-01,Morona Santiago,9,10,2,57,5,1,2018,10,4
2018-10-01,Napo,10,9,0,40,1,0,2018,10,4
2018-10-01,Pastaza,7,12,0,54,0,0,2018,10,4
2018-10-01,Pichincha,13,22,2,88,3,0,2018,10,4
2018-10-01,Tungurahua,10,10,0,52,2,0,2018,10,4
2018-10-01,Zamora Chinchipe,9,15,1,62,1,0,2018,10,4
2018-10-01,Galápagos,11,16,0,61,3,0,2018,10,4
2018-10-01,Sucumbíos,10,11,1,61,3,0,2018,10,4
2018-10-01,Orellana,13,6,1,49,3,0,2018,10,4
2018-10-01,Santo Domingo de los Tsáchilas,23,38,1,134,6,0,2018,10,4
2018-10-01,Santa Elena,29,47,0,157,8,0,2018,10,4
2018-11-01,Azuay,7,15,0,59,3,0,2018,11,4
2018-11-01,Bolívar,11,12,1,51,0,0,2018,11,4
2018-11-01,Cañar,11,7,0,56,1,0,2018,11,4
2018-11-01,Carchi,5,14,1,61,3,0,2018,11,4
2018-11-01,Cotopaxi,6,8,1,54,2,0,2018,11,4
2018-11-01,Chimborazo,9,18,0,73,3,0,2018,11,4
2018-11-01,El Oro,16,31,2,123,9,0,2018,11,4
2018-11-01,Esmeraldas,44,51,0,207,9,1,2018,11,4
2018-11-01,Guayas,35,61,0,195,9,0,2018,11,4
2018-11-01,Imbabura,15,12,0,57,5,0,2018,11,4
2018-11-01,Loja,11,12,0,45,1,0,2018,11,4
2018-11-01,Los Ríos,33,44,2,171,6,2,2018,11,4
2018-11-01,Manabí,31,34,2,162,6,2,2018,11,4
2018-11-01,Morona Santiago,10,22,1,61,1,0,2018,11,4
2018-11-01,Napo,9,14,0,47,0,1,2018,11,4
2018-11-01,Pastaza,11,17,1,60,4,0,2018,11,4
2018-11-01,Pichincha,17,12,1,76,2,0,2018,11,4
2018-11-01,Tungurahua,7,13,0,62,1,0,2018,11,4
2018-11-01,Zamora Chinchipe,11,18,1,42,2,0,2018,11,4
2018-11-01,Galápagos,8,9,0,54,4,0,2018,11,4
2018-11-01,Sucumbíos,11,15,0,52,1,0,2018,11,4
2018-11-01,Orellana,12,12,0,46,4,0,2018,11,4
2018-11-01,Santo Domingo de los Tsáchilas,25,31,2,157,8,0,2018,11,4
2018-11-01,Santa Elena,29,30,1,170,9,1,2018,11,4
2018-12-01,Azuay,11,17,0,63,4,0,2018,12,4
2018-12-01,Bolívar,10,11,1,51,3,0,2018,12,4
2018-12-01,Cañar,17,14,1,54,2,1,2018,12,4
2018-12-01,Carchi,15,18,2,48,1,0,2018,12,4
2018-12-01,Cotopaxi,11,13,0,44,2,0,2018,12,4
2018-12-01,Chimborazo,14,16,2,55,7,0,2018,12,4
2018-12-01,El Oro,31,27,3,137,11,0,2018,12,4
2018-12-01,Esmeraldas,45,58,2,230,8,0,2018,12,4
2018-12-01,Guayas,31,61,3,234,8,1,2018,12,4
2018-12-01,Imbabura,8,12,2,60,3,0,2018,12,4
2018-12-01,Loja,9,22,1,61,3,0,2018,12,4
2018-12-01,Los Ríos,37,52,0,191,12,2,2018,12,4
2018-12-01,Manabí,26,39,1,169,3,2,2018,12,4
2018-12-01,Morona Santiago,9,14,1,56,2,0,2018,12,4
2018-12-01,Napo,11,13,0,64,2,0,2018,12,4
2018-12-01,Pastaza,11,13,0,40,2,2,2018,12,4
2018-12-01,Pichincha,12,31,0,88,4,1,2018,12,4
2018-12-01,Tungurahua,4,18,0,60,2,1,2018,12,4
2018-12-01,Zamora Chinchipe,8,8,0,50,2,0,2018,12,4
2018-12-01,Galápagos,8,7,0,51,4,0,2018,12,4
2018-12-01,Sucumbíos,18,12,0,47,2,0,2018,12,4
2018-12-01,Orellana,16,18,0,74,3,0,2018,12,4
2018-12-01,Santo Domingo de los Tsáchilas,37,47,1,147,9,1,2018,12,4
2018-12-01,Santa Elena,28,24,3,147,9,0,2018,12,4
2019-01-01,Azuay,16,19,0,55,2,1,2019,1,1
2019-01-01,Bolívar,7,12,1,64,4,0,2019,1,1
2019-01-01,Cañar,16,17,1,43,2,0,2019,1,1
2019-01-01,Carchi,9,21,0,49,3,0,2019,1,1
2019-01-01,Cotopaxi,12,11,1,56,5,0,2019,1,1
2019-01-01,Chimborazo,11,14,1,59,5,1,2019,1,1
2019-01-01,El Oro,27,32,2,145,7,0,2019,1,1
2019-01-01,Esmeraldas,61,59,3,217,12,3,2019,1,1
2019-01-01,Guayas,37,43,3,230,15,2,2019,1,1
2019-01-01,Imbabura,10,17,1,52,4,1,2019,1,1
2019-01-01,Loja,17,12,1,55,3,0,2019,1,1
2019-01-01,Los Ríos,45,48,3,188,8,1,2019,1,1
2019-01-01,Manabí,29,43,1,174,9,0,2019,1,1
2019-01-01,Morona Santiago,8,15,0,61,0,0,2019,1,1
2019-01-01,Napo,15,6,1,58,3,0,2019,1,1
2019-01-01,Pastaza,6,9,3,64,4,0,2019,1,1
2019-01-01,Pichincha,25,23,1,86,4,1,2019,1,1
2019-01-01,Tungurahua,12,16,1,57,3,0,2019,1,1
2019-01-01,Zamora Chinchipe,14,12,1,53,0,0,2019,1,1
2019-01-01,Galápagos,11,10,1,61,0,0,2019,1,1
2019-01-01,Sucumbíos,6,21,1,74,5,0,2019,1,1
2019-01-01,Orellana,8,18,0,54,7,0,2019,1,1
2019-01-01,Santo Domingo de los Tsáchilas,42,37,2,171,5,0,2019,1,1
2019-01-01,Santa Elena,33,35,3,170,12,1,2019,1,1
2019-02-01,Azuay,6,15,1,72,2,1,2019,2,1
2019-02-01,Bolívar,9,20,0,51,3,0,2019,2,1
2019-02-01,Cañar,18,15,1,49,2,0,2019,2,1
2019-02-01,Carchi,14,15,0,73,5,0,2019,2,1
2019-02-01,Cotopaxi,17,15,0,81,2,0,2019,2,1
2019-02-01,Chimborazo,12,11,0,55,1,2,2019,2,1
2019-02-01,El Oro,27,48,0,170,4,1,2019,2,1
2019-02-01,Esmeraldas,46,59,4,246,13,1,2019,2,1
2019-02-01,Guayas,39,53,3,233,8,0,2019,2,1
2019-02-01,Imbabura,11,20,1,63,1,0,2019,2,1
2019-02-01,Loja,10,25,0,60,4,0,2019,2,1
2019-02-01,Los Ríos,34,44,1,188,11,1,2019,2,1
2019-02-01,Manabí,36,34,1,145,6,1,2019,2,1
2019-02-01,Morona Santiago,10,19,0,57,6,0,2019,2,1
2019-02-01,Napo,14,14,1,56,5,0,2019,2,1
2019-02-01,Pastaza,12,15,1,63,1,0,2019,2,1
2019-02-01,Pichincha,18,19,0,89,4,2,2019,2,1
2019-02-01,Tungurahua,7,20,1,62,2,0,2019,2,1
2019-02-01,Zamora Chinchipe,12,11,0,72,2,1,2019,2,1
2019-02-01,Galápagos,13,10,0,51,5,0,2019,2,1
2019-02-01,Sucumbíos,9,12,1,66,4,0,2019,2,1
2019-02-01,Orellana,13,22,0,58,2,0,2019,2,1
2019-02-01,Santo Domingo de los Tsáchilas,31,44,1,165,7,3,2019,2,1
2019-02-01,Santa Elena,32,47,1,189,7,1,2019,2,1
2019-03-01,Azuay,10,9,1,54,1,1,2019,3,1
2019-03-01,Bolívar,15,14,0,65,3,0,2019,3,1
2019-03-01,Cañar,7,17,0,70,4,1,2019,3,1
2019-03-01,Carchi,9,11,0,55,2,1,2019,3,1
2019-03-01,Cotopaxi,17,17,0,66,3,1,2019,3,1
2019-03-01,Chimborazo,9,16,1,73,4,1,2019,3,1
2019-03-01,El Oro,23,32,0,123,5,0,2019,3,1
2019-03-01,Esmeraldas,58,58,4,269,8,4,2019,3,1
2019-03-01,Guayas,47,52,2,251,15,0,2019,3,1
2019-03-01,Imbabura,5,22,1,67,2,1,2019,3,1
2019-03-01,Loja,13,16,0,74,4,2,2019,3,1
2019-03-01,Los Ríos,42,41,0,184,10,0,2019,3,1
2019-03-01,Manabí,22,51,3,145,11,1,2019,3,1
2019-03-01,Morona Santiago,11,9,1,54,2,2,2019,3,1
2019-03-01,Napo,11,10,0,64,1,0,2019,3,1
2019-03-01,Pastaza,14,18,1,54,5,0,2019,3,1
2019-03-01,Pichincha,18,26,2,99,6,0,2019,3,1
2019-03-01,Tungurahua,17,24,1,51,2,1,2019,3,1
2019-03-01,Zamora Chinchipe,8,22,0,62,4,1,2019,3,1
2019-03-01,Galápagos,13,18,1,73,3,0,2019,3,1
2019-03-01,Sucumbíos,13,12,0,55,4,0,2019,3,1
2019-03-01,Orellana,15,11,1,64,5,1,2019,3,1
2019-03-01,Santo Domingo de los Tsáchilas,37,36,3,152,5,0,2019,3,1
2019-03-01,Santa Elena,34,47,0,178,8,2,2019,3,1
2019-04-01,Azuay,20,8,0,60,2,0,2019,4,2
2019-04-01,Bolívar,11,20,0,55,2,0,2019,4,2
2019-04-01,Cañar,10,12,0,66,3,0,2019,4,2
2019-04-01,Carchi,14,15,1,79,4,1,2019,4,2
2019-04-01,Cotopaxi,10,15,0,68,1,0,2019,4,2
2019-04-01,Chimborazo,19,11,0,62,4,0,2019,4,2
2019-04-01,El Oro,25,29,0,137,6,1,2019,4,2
2019-04-01,Esmeraldas,50,73,2,272,10,2,2019,4,2
2019-04-01,Guayas,44,44,4,201,10,1,2019,4,2
2019-04-01,Imbabura,13,15,0,72,2,0,2019,4,2
2019-04-01,Loja,19,16,0,53,4,0,2019,4,2
2019-04-01,Los Ríos,31,43,2,175,8,1,2019,4,2
2019-04-01,Manabí,34,31,5,147,6,1,2019,4,2
2019-04-01,Morona Santiago,10,7,0,59,3,0,2019,4,2
2019-04-01,Napo,14,14,1,58,3,1,2019,4,2
2019-04-01,Pastaza,6,18,1,69,1,0,2019,4,2
2019-04-01,Pichincha,16,22,2,87,6,0,2019,4,2
2019-04-01,Tungurahua,13,22,1,65,4,1,2019,4,2
2019-04-01,Zamora Chinchipe,8,20,1,51,5,0,2019,4,2
2019-04-01,Galápagos,9,15,1,60,4,0,2019,4,2
2019-04-01,Sucumbíos,9,16,0,64,2,0,2019,4,2
2019-04-01,Orellana,19,15,0,66,3,0,2019,4,2
2019-04-01,Santo Domingo de los Tsáchilas,30,36,3,169,2,3,2019,4,2
2019-04-01,Santa Elena,32,47,1,173,10,4,2019,4,2
2019-05-01,Azuay,11,12,1,65,1,0,2019,5,2
2019-05-01,Bolívar,14,15,0,69,3,1,2019,5,2
2019-05-01,Cañar,9,23,0,69,2,1,2019,5,2
2019-05-01,Carchi,11,12,0,76,5,1,2019,5,2
2019-05-01,Cotopaxi,12,10,0,60,1,0,2019,5,2
2019-05-01,Chimborazo,10,21,1,40,3,1,2019,5,2
2019-05-01,El Oro,26,45,4,156,6,0,2019,5,2
2019-05-01,Esmeraldas,44,57,3,218,15,0,2019,5,2
2019-05-01,Guayas,39,41,4,225,14,0,2019,5,2
2019-05-01,Imbabura,8,18,0,68,4,0,2019,5,2
2019-05-01,Loja,8,20,1,54,1,0,2019,5,2
2019-05-01,Los Ríos,28,43,1,198,8,0,2019,5,2
2019-05-01,Manabí,32,36,1,131,9,1,2019,5,2
2019-05-01,Morona Santiago,11,11,0,55,3,0,2019,5,2
2019-05-01,Napo,17,15,0,67,1,0,2019,5,2
2019-05-01,Pastaza,18,12,0,65,3,0,2019,5,2
2019-05-01,Pichincha,17,28,2,99,6,0,2019,5,2
2019-05-01,Tungurahua,11,19,1,57,3,1,2019,5,2
2019-05-01,Zamora Chinchipe,7,14,0,49,5,0,2019,5,2
2019-05-01,Galápagos,14,10,1,44,4,0,2019,5,2
2019-05-01,Sucumbíos,9,13,0,67,6,0,2019,5,2
2019-05-01,Orellana,12,13,0,60,2,0,2019,5,2
2019-05-01,Santo Domingo de los Tsáchilas,29,39,2,175,7,1,2019,5,2
2019-05-01,Santa Elena,25,56,2,151,10,0,2019,5,2
2019-06-01,Azuay,10,12,0,49,5,0,2019,6,2
2019-06-01,Bolívar,15,10,0,63,1,0,2019,6,2
2019-06-01,Cañar,10,12,3,58,2,0,2019,6,2
2019-06-01,Carchi,9,15,0,50,4,0,2019,6,2
2019-06-01,Cotopaxi,14,14,0,71,5,1,2019,6,2
2019-06-01,Chimborazo,8,13,0,57,2,0,2019,6,2
2019-06-01,El Oro,33,25,1,128,6,0,2019,6,2
2019-06-01,Esmeraldas,45,69,0,202,9,0,2019,6,2
2019-06-01,Guayas,38,53,2,190,8,0,2019,6,2
2019-06-01,Imbabura,9,11,0,57,6,0,2019,6,2
2019-06-01,Loja,10,10,1,41,5,0,2019,6,2
2019-06-01,Los Ríos,30,42,3,167,7,1,2019,6,2
2019-06-01,Manabí,39,33,1,159,5,1,2019,6,2
2019-06-01,Morona Santiago,13,14,1,58,6,0,2019,6,2
2019-06-01,Napo,15,16,0,59,5,0,2019,6,2
2019-06-01,Pastaza,7,21,1,55,1,1,2019,6,2
2019-06-01,Pichincha,13,31,2,93,5,0,2019,6,2
2019-06-01,Tungurahua,8,11,0,49,2,0,2019,6,2
2019-06-01,Zamora Chinchipe,13,18,0,54,4,1,2019,6,2
2019-06-01,Galápagos,10,16,0,60,3,0,2019,6,2
2019-06-01,Sucumbíos,11,14,0,64,6,0,2019,6,2
2019-06-01,Orellana,7,13,1,57,4,1,2019,6,2
2019-06-01,Santo Domingo de los Tsáchilas,29,41,0,135,6,1,2019,6,2
2019-06-01,Santa Elena,32,29,2,160,10,1,2019,6,2
2019-07-01,Azuay,8,21,0,59,5,1,2019,7,3
2019-07-01,Bolívar,13,17,0,57,3,1,2019,7,3
2019-07-01,Cañar,10,15,0,58,1,1,2019,7,3
2019-07-01,Carchi,8,13,0,61,4,0,2019,7,3
2019-07-01,Cotopaxi,9,17,1,52,4,1,2019,7,3
2019-07-01,Chimborazo,6,12,0,47,3,0,2019,7,3
2019-07-01,El Oro,20,24,5,111,6,0,2019,7,3
2019-07-01,Esmeraldas,38,57,4,221,15,3,2019,7,3
2019-07-01,Guayas,46,50,0,205,3,1,2019,7,3
2019-07-01,Imbabura,7,13,0,65,2,0,2019,7,3
2019-07-01,Loja,3,15,0,56,3,0,2019,7,3
2019-07-01,Los Ríos,32,43,1,170,8,0,2019,7,3
2019-07-01,Manabí,24,38,1,142,5,1,2019,7,3
2019-07-01,Morona Santiago,10,10,0,58,5,0,2019,7,3
2019-07-01,Napo,10,21,0,55,4,1,2019,7,3
2019-07-01,Pastaza,10,18,0,55,4,0,2019,7,3
2019-07-01,Pichincha,11,22,1,84,4,1,2019,7,3
2019-07-01,Tungurahua,9,14,0,59,1,0,2019,7,3
2019-07-01,Zamora Chinchipe,9,10,1,57,3,0,2019,7,3
2019-07-01,Galápagos,8,10,0,53,1,0,2019,7,3
2019-07-01,Sucumbíos,12,11,0,48,2,0,2019,7,3
2019-07-01,Orellana,6,7,1,59,2,0,2019,7,3
2019-07-01,Santo Domingo de los Tsáchilas,27,39,3,140,10,1,2019,7,3
2019-07-01,Santa Elena,28,42,2,141,9,2,2019,7,3
2019-08-01,Azuay,8,21,0,55,2,0,2019,8,3
2019-08-01,Bolívar,10,14,0,56,1,0,2019,8,3
2019-08-01,Cañar,11,12,0,56,2,1,2019,8,3
2019-08-01,Carchi,8,12,0,59,2,1,2019,8,3
2019-08-01,Cotopaxi,3,14,0,58,1,1,2019,8,3
2019-08-01,Chimborazo,8,14,0,57,2,0,2019,8,3
2019-08-01,El Oro,18,29,1,119,10,0,2019,8,3
2019-08-01,Esmeraldas,25,56,0,210,10,0,2019,8,3
2019-08-01,Guayas,39,41,1,173,12,3,2019,8,3
2019-08-01,Imbabura,13,16,0,61,5,0,2019,8,3
2019-08-01,Loja,7,14,0,62,2,0,2019,8,3
2019-08-01,Los Ríos,44,53,3,151,5,1,2019,8,3
2019-08-01,Manabí,21,24,0,145,7,0,2019,8,3
2019-08-01,Morona Santiago,11,15,0,42,3,0,2019,8,3
2019-08-01,Napo,6,18,1,50,0,0,2019,8,3
2019-08-01,Pastaza,5,20,0,48,2,0,2019,8,3
2019-08-01,Pichincha,10,26,0,75,2,0,2019,8,3
2019-08-01,Tungurahua,13,10,0,63,4,0,2019,8,3
2019-08-01,Zamora Chinchipe,8,11,1,53,2,0,2019,8,3
2019-08-01,Galápagos,4,25,0,50,1,2,2019,8,3
2019-08-01,Sucumbíos,9,17,0,49,2,0,2019,8,3
2019-08-01,Orellana,10,17,0,63,1,0,2019,8,3
2019-08-01,Santo Domingo de los Tsáchilas,23,28,2,132,11,1,2019,8,3
2019-08-01,Santa Elena,26,35,1,148,7,2,2019,8,3
2019-09-01,Azuay,7,15,1,58,2,0,2019,9,3
2019-09-01,Bolívar,11,10,0,64,2,1,2019,9,3
2019-09-01,Cañar,11,14,1,61,2,1,2019,9,3
2019-09-01,Carchi,9,13,1,62,1,1,2019,9,3
2019-09-01,Cotopaxi,11,13,0,54,4,0,2019,9,3
2019-09-01,Chimborazo,8,21,0,51,3,0,2019,9,3
2019-09-01,El Oro,22,28,2,120,8,0,2019,9,3
2019-09-01,Esmeraldas,40,55,2,229,13,2,2019,9,3
2019-09-01,Guayas,24,65,1,196,8,0,2019,9,3
2019-09-01,Imbabura,12,12,2,48,1,0,2019,9,3
2019-09-01,Loja,2,9,1,44,4,0,2019,9,3
2019-09-01,Los Ríos,26,38,1,140,6,0,2019,9,3
2019-09-01,Manabí,19,39,1,135,5,1,2019,9,3
2019-09-01,Morona Santiago,9,14,1,44,1,0,2019,9,3
2019-09-01,Napo,10,18,2,40,1,1,2019,9,3
2019-09-01,Pastaza,10,12,0,62,3,0,2019,9,3
2019-09-01,Pichincha,18,16,2,91,2,0,2019,9,3
2019-09-01,Tungurahua,6,14,0,62,2,0,2019,9,3
2019-09-01,Zamora Chinchipe,11,16,1,52,3,1,2019,9,3
2019-09-01,Galápagos,8,11,0,37,2,0,2019,9,3
2019-09-01,Sucumbíos,11,9,0,51,3,0,2019,9,3
2019-09-01,Orellana,14,20,0,52,0,0,2019,9,3
2019-09-01,Santo Domingo de los Tsáchilas,27,33,0,145,4,0,2019,9,3
2019-09-01,Santa Elena,25,29,1,140,4,1,2019,9,3
2019-10-01,Azuay,11,15,1,48,3,0,2019,10,4
2019-10-01,Bolívar,6,7,2,67,1,0,2019,10,4
2019-10-01,Cañar,10,11,0,44,0,0,2019,10,4
2019-10-01,Carchi,14,12,0,52,3,0,2019,10,4
2019-10-01,Cotopaxi,15,12,1,55,5,0,2019,10,4
2019-10-01,Chimborazo,11,11,0,47,6,0,2019,10,4
2019-10-01,El Oro,30,31,1,127,7,1,2019,10,4
2019-10-01,Esmeraldas,30,42,2,213,8,1,2019,10,4
2019-10-01,Guayas,32,54,3,180,8,1,2019,10,4
2019-10-01,Imbabura,7,13,0,58,3,0,2019,10,4
2019-10-01,Loja,6,9,0,55,1,0,2019,10,4
2019-10-01,Los Ríos,30,37,3,166,8,2,2019,10,4
2019-10-01,Manabí,28,35,2,146,7,1,2019,10,4
2019-10-01,Morona Santiago,9,13,0,43,2,0,2019,10,4
2019-10-01,Napo,8,19,2,51,1,0,2019,10,4
2019-10-01,Pastaza,11,13,1,38,3,0,2019,10,4
2019-10-01,Pichincha,10,25,2,94,2,0,2019,10,4
2019-10-01,Tungurahua,11,7,0,56,2,0,2019,10,4
2019-10-01,Zamora Chinchipe,10,18,2,52,2,0,2019,10,4
2019-10-01,Galápagos,10,15,0,56,3,1,2019,10,4
2019-10-01,Sucumbíos,6,11,1,57,1,2,2019,10,4
2019-10-01,Orellana,4,21,2,55,7,0,2019,10,4
2019-10-01,Santo Domingo de los Tsáchilas,27,43,2,148,6,0,2019,10,4
2019-10-01,Santa Elena,23,40,0,170,11,1,2019,10,4
2019-11-01,Azuay,11,12,1,64,2,0,2019,11,4
2019-11-01,Bolívar,12,16,0,44,1,0,2019,11,4
2019-11-01,Cañar,11,16,0,61,2,0,2019,11,4
2019-11-01,Carchi,14,11,0,54,3,2,2019,11,4
2019-11-01,Cotopaxi,13,15,0,56,2,0,2019,11,4
2019-11-01,Chimborazo,3,7,1,58,4,0,2019,11,4
2019-11-01,El Oro,22,35,2,109,5,0,2019,11,4
2019-11-01,Esmeraldas,42,55,1,211,18,0,2019,11,4
2019-11-01,Guayas,31,61,3,185,11,0,2019,11,4
2019-11-01,Imbabura,10,17,0,53,2,0,2019,11,4
2019-11-01,Loja,10,14,0,43,3,0,2019,11,4
2019-11-01,Los Ríos,25,35,1,200,18,1,2019,11,4
2019-11-01,Manabí,23,36,1,145,9,1,2019,11,4
2019-11-01,Morona Santiago,10,15,0,67,5,0,2019,11,4
2019-11-01,Napo,8,18,0,50,3,0,2019,11,4
2019-11-01,Pastaza,9,16,1,62,3,0,2019,11,4
2019-11-01,Pichincha,25,23,1,86,5,0,2019,11,4
2019-11-01,Tungurahua,8,9,1,68,4,1,2019,11,4
2019-11-01,Zamora Chinchipe,13,14,0,59,5,0,2019,11,4
2019-11-01,Galápagos,8,17,0,47,1,0,2019,11,4
2019-11-01,Sucumbíos,12,17,0,50,2,0,2019,11,4
2019-11-01,Orellana,9,12,0,53,1,1,2019,11,4
2019-11-01,Santo Domingo de los Tsáchilas,30,35,2,151,10,0,2019,11,4
2019-11-01,Santa Elena,33,36,2,159,11,0,2019,11,4
2019-12-01,Azuay,14,17,1,50,4,1,2019,12,4
2019-12-01,Bolívar,6,19,0,64,3,1,2019,12,4
2019-12-01,Cañar,7,14,2,64,0,1,2019,12,4
2019-12-01,Carchi,8,13,0,59,4,0,2019,12,4
2019-12-01,Cotopaxi,8,13,0,56,0,0,2019,12,4
2019-12-01,Chimborazo,9,12,0,51,2,0,2019,12,4
2019-12-01,El Oro,28,32,1,131,11,1,2019,12,4
2019-12-01,Esmeraldas,39,62,0,238,6,1,2019,12,4
2019-12-01,Guayas,42,47,1,190,8,2,2019,12,4
2019-12-01,Imbabura,13,17,4,54,7,0,2019,12,4
2019-12-01,Loja,6,16,1,46,1,0,2019,12,4
2019-12-01,Los Ríos,27,44,2,180,8,1,2019,12,4
2019-12-01,Manabí,31,30,2,140,8,1,2019,12,4
2019-12-01,Morona Santiago,15,14,1,59,2,0,2019,12,4
2019-12-01,Napo,6,23,2,60,1,0,2019,12,4
2019-12-01,Pastaza,5,15,0,60,3,0,2019,12,4
2019-12-01,Pichincha,8,20,1,81,2,2,2019,12,4
2019-12-01,Tungurahua,10,18,0,63,2,0,2019,12,4
2019-12-01,Zamora Chinchipe,8,10,1,65,3,1,2019,12,4
2019-12-01,Galápagos,13,14,0,63,3,0,2019,12,4
2019-12-01,Sucumbíos,7,9,0,57,1,0,2019,12,4
2019-12-01,Orellana,14,15,0,48,4,0,2019,12,4
2019-12-01,Santo Domingo de los Tsáchilas,35,34,0,148,7,0,2019,12,4
2019-12-01,Santa Elena,20,37,0,156,11,0,2019,12,4
2020-01-01,Azuay,14,11,1,52,3,1,2020,1,1
2020-01-01,Bolívar,8,15,0,52,4,2,2020,1,1
2020-01-01,Cañar,8,10,0,68,2,0,2020,1,1
2020-01-01,Carchi,13,17,1,56,2,0,2020,1,1
2020-01-01,Cotopaxi,14,12,1,62,4,0,2020,1,1
2020-01-01,Chimborazo,8,13,0,68,4,0,2020,1,1
2020-01-01,El Oro,27,25,1,129,5,0,2020,1,1
2020-01-01,Esmeraldas,58,53,6,220,9,3,2020,1,1
2020-01-01,Guayas,38,57,2,230,11,1,2020,1,1
2020-01-01,Imbabura,16,12,3,65,4,0,2020,1,1
2020-01-01,Loja,22,16,0,47,2,0,2020,1,1
2020-01-01,Los Ríos,47,52,1,213,6,0,2020,1,1
2020-01-01,Manabí,33,37,2,162,8,2,2020,1,1
2020-01-01,Morona Santiago,3,14,1,58,0,0,2020,1,1
2020-01-01,Napo,17,16,1,53,4,0,2020,1,1
2020-01-01,Pastaza,6,9,0,56,5,0,2020,1,1
2020-01-01,Pichincha,20,20,0,95,4,0,2020,1,1
2020-01-01,Tungurahua,13,16,0,62,2,1,2020,1,1
2020-01-01,Zamora Chinchipe,19,14,0,64,5,0,2020,1,1
2020-01-01,Galápagos,11,15,0,77,2,0,2020,1,1
2020-01-01,Sucumbíos,12,20,1,57,0,0,2020,1,1
2020-01-01,Orellana,8,12,0,73,5,0,2020,1,1
2020-01-01,Santo Domingo de los Tsáchilas,39,38,1,145,6,3,2020,1,1
2020-01-01,Santa Elena,41,44,3,163,13,0,2020,1,1
2020-02-01,Azuay,11,16,0,67,2,0,2020,2,1
2020-02-01,Bolívar,10,20,1,56,5,0,2020,2,1
2020-02-01,Cañar,12,11,0,67,1,0,2020,2,1
2020-02-01,Carchi,13,19,0,74,2,1,2020,2,1
2020-02-01,Cotopaxi,9,15,0,51,2,0,2020,2,1
2020-02-01,Chimborazo,18,17,1,72,3,1,2020,2,1
2020-02-01,El Oro,22,36,1,162,7,0,2020,2,1
2020-02-01,Esmeraldas,45,68,2,255,8,1,2020,2,1
2020-02-01,Guayas,46,48,1,214,7,1,2020,2,1
2020-02-01,Imbabura,7,17,1,66,2,0,2020,2,1
2020-02-01,Loja,8,16,1,70,4,0,2020,2,1
2020-02-01,Los Ríos,36,41,1,204,5,1,2020,2,1
2020-02-01,Manabí,33,47,1,153,10,0,2020,2,1
2020-02-01,Morona Santiago,7,15,1,63,5,0,2020,2,1
2020-02-01,Napo,15,16,0,67,3,0,2020,2,1
2020-02-01,Pastaza,9,12,2,49,2,0,2020,2,1
2020-02-01,Pichincha,16,18,0,96,7,0,2020,2,1
2020-02-01,Tungurahua,15,9,4,59,4,0,2020,2,1
2020-02-01,Zamora Chinchipe,12,16,2,56,2,3,2020,2,1
2020-02-01,Galápagos,12,16,1,66,2,0,2020,2,1
2020-02-01,Sucumbíos,7,17,0,70,4,0,2020,2,1
2020-02-01,Orellana,11,11,1,69,2,1,2020,2,1
2020-02-01,Santo Domingo de los Tsáchilas,22,42,1,169,17,0,2020,2,1
2020-02-01,Santa Elena,33,37,1,191,8,0,2020,2,1
2020-03-01,Azuay,9,19,0,72,4,0,2020,3,1
2020-03-01,Bolívar,7,11,1,41,0,1,2020,3,1
2020-03-01,Cañar,15,15,1,52,4,0,2020,3,1
2020-03-01,Carchi,14,16,1,61,1,1,2020,3,1
2020-03-01,Cotopaxi,14,25,1,59,2,0,2020,3,1
2020-03-01,Chimborazo,14,22,2,54,5,1,2020,3,1
2020-03-01,El Oro,43,51,0,158,14,1,2020,3,1
2020-03-01,Esmeraldas,43,75,2,247,17,2,2020,3,1
2020-03-01,Guayas,42,49,2,231,12,0,2020,3,1
2020-03-01,Imbabura,10,21,0,59,6,0,2020,3,1
2020-03-01,Loja,12,12,0,83,5,1,2020,3,1
2020-03-01,Los Ríos,38,63,2,196,5,1,2020,3,1
2020-03-01,Manabí,39,34,0,172,9,0,2020,3,1
2020-03-01,Morona Santiago,15,18,1,74,4,0,2020,3,1
2020-03-01,Napo,6,17,1,64,3,0,2020,3,1
2020-03-01,Pastaza,8,12,0,63,4,0,2020,3,1
2020-03-01,Pichincha,17,29,0,90,3,1,2020,3,1
2020-03-01,Tungurahua,12,21,0,61,3,0,2020,3,1
2020-03-01,Zamora Chinchipe,14,18,0,68,5,0,2020,3,1
2020-03-01,Galápagos,14,12,0,58,6,0,2020,3,1
2020-03-01,Sucumbíos,9,18,1,71,2,0,2020,3,1
2020-03-01,Orellana,15,14,0,50,5,1,2020,3,1
2020-03-01,Santo Domingo de los Tsáchilas,33,47,2,202,7,0,2020,3,1
2020-03-01,Santa Elena,29,55,4,162,11,3,2020,3,1
2020-04-01,Azuay,7,16,0,65,3,0,2020,4,2
2020-04-01,Bolívar,10,14,0,67,2,1,2020,4,2
2020-04-01,Cañar,16,17,0,55,5,0,2020,4,2
2020-04-01,Carchi,11,20,0,66,3,0,2020,4,2
2020-04-01,Cotopaxi,13,18,0,55,5,1,2020,4,2
2020-04-01,Chimborazo,8,17,0,58,2,1,2020,4,2
2020-04-01,El Oro,31,43,3,143,6,0,2020,4,2
2020-04-01,Esmeraldas,61,66,4,258,17,1,2020,4,2
2020-04-01,Guayas,25,65,5,249,8,1,2020,4,2
2020-04-01,Imbabura,13,17,1,62,8,0,2020,4,2
2020-04-01,Loja,17,15,0,62,0,0,2020,4,2
2020-04-01,Los Ríos,41,64,3,205,5,0,2020,4,2
2020-04-01,Manabí,33,33,1,176,2,0,2020,4,2
2020-04-01,Morona Santiago,12,13,0,44,3,2,2020,4,2
2020-04-01,Napo,10,18,1,61,2,0,2020,4,2
2020-04-01,Pastaza,11,13,1,68,5,0,2020,4,2
2020-04-01,Pichincha,17,25,1,88,3,0,2020,4,2
2020-04-01,Tungurahua,11,19,0,66,3,2,2020,4,2
2020-04-01,Zamora Chinchipe,11,14,1,79,3,1,2020,4,2
2020-04-01,Galápagos,10,8,0,49,8,0,2020,4,2
2020-04-01,Sucumbíos,12,18,1,53,2,1,2020,4,2
2020-04-01,Orellana,9,17,3,52,1,1,2020,4,2
2020-04-01,Santo Domingo de los Tsáchilas,30,41,0,165,11,1,2020,4,2
2020-04-01,Santa Elena,41,40,1,175,11,0,2020,4,2
2020-05-01,Azuay,16,12,1,65,2,0,2020,5,2
2020-05-01,Bolívar,12,10,0,63,3,0,2020,5,2
2020-05-01,Cañar,16,23,0,65,3,0,2020,5,2
2020-05-01,Carchi,11,17,0,53,1,0,2020,5,2
2020-05-01,Cotopaxi,19,18,0,61,7,0,2020,5,2
2020-05-01,Chimborazo,8,23,0,50,0,1,2020,5,2
2020-05-01,El Oro,33,28,1,153,8,1,2020,5,2
2020-05-01,Esmeraldas,47,50,6,230,19,3,2020,5,2
2020-05-01,Guayas,45,48,4,215,10,0,2020,5,2
2020-05-01,Imbabura,13,19,1,56,3,1,2020,5,2
2020-05-01,Loja,8,15,0,59,1,0,2020,5,2
2020-05-01,Los Ríos,46,53,3,205,4,2,2020,5,2
2020-05-01,Manabí,35,39,2,157,7,1,2020,5,2
2020-05-01,Morona Santiago,6,13,1,47,2,0,2020,5,2
2020-05-01,Napo,13,20,0,65,5,0,2020,5,2
2020-05-01,Pastaza,12,14,0,67,5,0,2020,5,2
2020-05-01,Pichincha,16,31,0,96,4,0,2020,5,2
2020-05-01,Tungurahua,16,18,0,51,2,0,2020,5,2
2020-05-01,Zamora Chinchipe,5,18,1,50,6,1,2020,5,2
2020-05-01,Galápagos,11,11,2,62,3,0,2020,5,2
2020-05-01,Sucumbíos,16,19,0,60,3,0,2020,5,2
2020-05-01,Orellana,14,17,0,66,2,1,2020,5,2
2020-05-01,Santo Domingo de los Tsáchilas,30,38,3,153,8,0,2020,5,2
2020-05-01,Santa Elena,41,40,1,175,3,1,2020,5,2
2020-06-01,Azuay,9,21,2,55,5,0,2020,6,2
2020-06-01,Bolívar,8,13,0,66,1,0,2020,6,2
2020-06-01,Cañar,16,13,2,65,4,0,2020,6,2
2020-06-01,Carchi,7,21,0,54,2,0,2020,6,2
2020-06-01,Cotopaxi,11,23,0,64,5,0,2020,6,2
2020-06-01,Chimborazo,16,9,0,55,6,0,2020,6,2
2020-06-01,El Oro,24,32,1,127,7,0,2020,6,2
2020-06-01,Esmeraldas,48,54,4,223,11,2,2020,6,2
2020-06-01,Guayas,34,53,2,208,10,0,2020,6,2
2020-06-01,Imbabura,12,14,0,41,0,0,2020,6,2
2020-06-01,Loja,6,12,0,68,5,1,2020,6,2
2020-06-01,Los Ríos,33,53,2,201,8,1,2020,6,2
2020-06-01,Manabí,23,32,1,159,9,0,2020,6,2
2020-06-01,Morona Santiago,17,9,1,50,4,1,2020,6,2
2020-06-01,Napo,9,15,0,55,2,2,2020,6,2
2020-06-01,Pastaza,6,13,1,73,4,0,2020,6,2
2020-06-01,Pichincha,11,20,0,96,3,0,2020,6,2
2020-06-01,Tungurahua,6,14,2,57,8,1,2020,6,2
2020-06-01,Zamora Chinchipe,8,20,0,57,2,0,2020,6,2
2020-06-01,Galápagos,10,18,0,58,1,2,2020,6,2
2020-06-01,Sucumbíos,9,15,1,58,3,0,2020,6,2
2020-06-01,Orellana,10,9,1,54,3,1,2020,6,2
2020-06-01,Santo Domingo de los Tsáchilas,26,30,1,145,6,1,2020,6,2
2020-06-01,Santa Elena,42,45,1,167,12,0,2020,6,2
2020-07-01,Azuay,9,13,1,55,5,0,2020,7,3
2020-07-01,Bolívar,14,10,0,65,2,2,2020,7,3
2020-07-01,Cañar,8,16,1,63,3,0,2020,7,3
2020-07-01,Carchi,10,12,0,54,2,1,2020,7,3
2020-07-01,Cotopaxi,12,10,0,59,3,0,2020,7,3
2020-07-01,Chimborazo,14,10,2,54,5,0,2020,7,3
2020-07-01,El Oro,19,36,2,127,11,1,2020,7,3
2020-07-01,Esmeraldas,37,45,2,242,7,1,2020,7,3
2020-07-01,Guayas,33,50,2,195,12,3,2020,7,3
2020-07-01,Imbabura,11,8,1,54,5,0,2020,7,3
2020-07-01,Loja,17,12,1,51,2,1,2020,7,3
2020-07-01,Los Ríos,34,38,4,175,4,1,2020,7,3
2020-07-01,Manabí,27,26,1,133,9,0,2020,7,3
2020-07-01,Morona Santiago,12,17,1,52,5,1,2020,7,3
2020-07-01,Napo,12,21,2,53,5,0,2020,7,3
2020-07-01,Pastaza,8,17,0,55,3,0,2020,7,3
2020-07-01,Pichincha,25,20,1,88,5,1,2020,7,3
2020-07-01,Tungurahua,10,9,0,63,2,0,2020,7,3
2020-07-01,Zamora Chinchipe,18,8,0,63,3,0,2020,7,3
2020-07-01,Galápagos,14,17,0,59,2,0,2020,7,3
2020-07-01,Sucumbíos,6,17,1,58,4,0,2020,7,3
2020-07-01,Orellana,9,20,0,61,4,0,2020,7,3
2020-07-01,Santo Domingo de los Tsáchilas,23,37,1,177,9,0,2020,7,3
2020-07-01,Santa Elena,17,43,2,141,11,2,2020,7,3
2020-08-01,Azuay,15,13,0,48,3,0,2020,8,3
2020-08-01,Bolívar,12,11,0,53,1,0,2020,8,3
2020-08-01,Cañar,8,10,0,56,2,0,2020,8,3
2020-08-01,Carchi,9,12,0,48,2,0,2020,8,3
2020-08-01,Cotopaxi,13,12,0,55,2,0,2020,8,3
2020-08-01,Chimborazo,12,22,1,54,4,0,2020,8,3
2020-08-01,El Oro,29,29,1,113,3,1,2020,8,3
2020-08-01,Esmeraldas,45,42,2,206,12,2,2020,8,3
2020-08-01,Guayas,28,52,4,206,10,0,2020,8,3
2020-08-01,Imbabura,11,12,2,62,1,1,2020,8,3
2020-08-01,Loja,11,13,0,59,3,0,2020,8,3
2020-08-01,Los Ríos,30,42,4,161,9,0,2020,8,3
2020-08-01,Manabí,22,45,2,116,11,0,2020,8,3
2020-08-01,Morona Santiago,7,20,0,49,2,0,2020,8,3
2020-08-01,Napo,10,11,1,53,3,0,2020,8,3
2020-08-01,Pastaza,5,16,1,48,2,0,2020,8,3
2020-08-01,Pichincha,23,16,1,92,6,0,2020,8,3
2020-08-01,Tungurahua,8,16,1,61,1,0,2020,8,3
2020-08-01,Zamora Chinchipe,12,8,0,60,0,0,2020,8,3
2020-08-01,Galápagos,15,20,1,50,2,0,2020,8,3
2020-08-01,Sucumbíos,10,14,1,56,2,0,2020,8,3
2020-08-01,Orellana,13,12,0,46,4,0,2020,8,3
2020-08-01,Santo Domingo de los Tsáchilas,21,35,4,142,8,2,2020,8,3
2020-08-01,Santa Elena,25,45,2,147,11,2,2020,8,3
2020-09-01,Azuay,8,14,1,38,3,0,2020,9,3
2020-09-01,Bolívar,6,9,1,60,1,0,2020,9,3
2020-09-01,Cañar,6,12,2,46,3,0,2020,9,3
2020-09-01,Carchi,14,14,0,63,2,0,2020,9,3
2020-09-01,Cotopaxi,10,14,0,60,3,1,2020,9,3
2020-09-01,Chimborazo,9,15,0,59,2,0,2020,9,3
2020-09-01,El Oro,21,43,2,106,4,0,2020,9,3
2020-09-01,Esmeraldas,42,61,4,232,10,0,2020,9,3
2020-09-01,Guayas,36,41,2,189,11,0,2020,9,3
2020-09-01,Imbabura,12,16,0,54,2,1,2020,9,3
2020-09-01,Loja,8,19,1,46,3,0,2020,9,3
2020-09-01,Los Ríos,32,49,2,132,8,1,2020,9,3
2020-09-01,Manabí,34,24,2,153,2,1,2020,9,3
2020-09-01,Morona Santiago,6,14,1,62,7,0,2020,9,3
2020-09-01,Napo,7,10,0,52,0,0,2020,9,3
2020-09-01,Pastaza,10,15,0,62,2,1,2020,9,3
2020-09-01,Pichincha,23,18,1,93,5,1,2020,9,3
2020-09-01,Tungurahua,9,9,2,57,2,0,2020,9,3
2020-09-01,Zamora Chinchipe,12,12,0,45,3,0,2020,9,3
2020-09-01,Galápagos,10,11,1,56,3,0,2020,9,3
2020-09-01,Sucumbíos,5,14,0,54,2,0,2020,9,3
2020-09-01,Orellana,10,14,0,57,5,1,2020,9,3
2020-09-01,Santo Domingo de los Tsáchilas,39,34,0,149,3,0,2020,9,3
2020-09-01,Santa Elena,24,32,1,154,4,0,2020,9,3
2020-10-01,Azuay,11,14,0,63,4,0,2020,10,4
2020-10-01,Bolívar,3,10,1,68,3,0,2020,10,4
2020-10-01,Cañar,11,12,0,54,5,1,2020,10,4
2020-10-01,Carchi,6,20,0,50,6,0,2020,10,4
2020-10-01,Cotopaxi,9,8,0,53,0,0,2020,10,4
2020-10-01,Chimborazo,16,23,0,45,3,0,2020,10,4
2020-10-01,El Oro,23,30,1,116,3,0,2020,10,4
2020-10-01,Esmeraldas,44,46,1,226,11,2,2020,10,4
2020-10-01,Guayas,25,43,3,182,3,0,2020,10,4
2020-10-01,Imbabura,9,14,0,62,5,0,2020,10,4
2020-10-01,Loja,7,13,0,54,4,0,2020,10,4
2020-10-01,Los Ríos,28,59,1,187,9,1,2020,10,4
2020-10-01,Manabí,21,35,1,144,6,0,2020,10,4
2020-10-01,Morona Santiago,9,15,2,63,0,0,2020,10,4
2020-10-01,Napo,10,15,0,46,2,0,2020,10,4
2020-10-01,Pastaza,7,9,0,48,0,0,2020,10,4
2020-10-01,Pichincha,16,10,2,84,5,0,2020,10,4
2020-10-01,Tungurahua,2,20,0,48,5,0,2020,10,4
2020-10-01,Zamora Chinchipe,8,12,1,51,4,0,2020,10,4
2020-10-01,Galápagos,14,17,1,52,0,0,2020,10,4
2020-10-01,Sucumbíos,21,12,1,55,2,0,2020,10,4
2020-10-01,Orellana,8,13,0,58,2,0,2020,10,4
2020-10-01,Santo Domingo de los Tsáchilas,19,40,2,138,8,0,2020,10,4
2020-10-01,Santa Elena,22,40,1,155,7,0,2020,10,4
2020-11-01,Azuay,8,19,2,57,3,0,2020,11,4
2020-11-01,Bolívar,8,12,1,67,4,0,2020,11,4
2020-11-01,Cañar,11,13,1,56,3,0,2020,11,4
2020-11-01,Carchi,8,22,0,56,5,0,2020,11,4
2020-11-01,Cotopaxi,7,12,1,50,5,0,2020,11,4
2020-11-01,Chimborazo,17,10,0,53,2,1,2020,11,4
2020-11-01,El Oro,18,36,1,121,7,0,2020,11,4
2020-11-01,Esmeraldas,34,59,4,223,12,2,2020,11,4
2020-11-01,Guayas,38,49,0,202,11,0,2020,11,4
2020-11-01,Imbabura,7,8,1,53,5,1,2020,11,4
2020-11-01,Loja,8,14,1,59,3,1,2020,11,4
2020-11-01,Los Ríos,37,43,1,172,7,1,2020,11,4
2020-11-01,Manabí,22,30,1,152,8,0,2020,11,4
2020-11-01,Morona Santiago,13,7,0,50,3,0,2020,11,4
2020-11-01,Napo,14,8,1,57,9,0,2020,11,4
2020-11-01,Pastaza,8,11,0,61,2,1,2020,11,4
2020-11-01,Pichincha,17,22,0,85,3,0,2020,11,4
2020-11-01,Tungurahua,7,11,0,59,1,1,2020,11,4
2020-11-01,Zamora Chinchipe,11,14,0,55,3,0,2020,11,4
2020-11-01,Galápagos,10,9,0,47,2,0,2020,11,4
2020-11-01,Sucumbíos,6,8,1,66,2,0,2020,11,4
2020-11-01,Orellana,12,11,0,63,3,0,2020,11,4
2020-11-01,Santo Domingo de los Tsáchilas,26,52,2,158,11,0,2020,11,4
2020-11-01,Santa Elena,36,47,2,175,11,0,2020,11,4
2020-12-01,Azuay,7,10,0,67,2,1,2020,12,4
2020-12-01,Bolívar,7,18,1,53,1,1,2020,12,4
2020-12-01,Cañar,10,17,0,62,3,1,2020,12,4
2020-12-01,Carchi,14,11,2,51,1,0,2020,12,4
2020-12-01,Cotopaxi,8,24,0,53,1,0,2020,12,4
2020-12-01,Chimborazo,7,19,1,56,1,0,2020,12,4
2020-12-01,El Oro,25,43,3,152,4,1,2020,12,4
2020-12-01,Esmeraldas,51,55,3,203,11,1,2020,12,4
2020-12-01,Guayas,40,47,1,213,7,0,2020,12,4
2020-12-01,Imbabura,10,16,1,66,8,1,2020,12,4
2020-12-01,Loja,11,13,0,61,1,0,2020,12,4
2020-12-01,Los Ríos,28,67,1,193,14,0,2020,12,4
2020-12-01,Manabí,33,39,1,163,5,1,2020,12,4
2020-12-01,Morona Santiago,13,16,1,63,2,0,2020,12,4
2020-12-01,Napo,10,17,0,43,4,0,2020,12,4
2020-12-01,Pastaza,12,12,0,61,2,1,2020,12,4
2020-12-01,Pichincha,18,15,0,91,5,1,2020,12,4
2020-12-01,Tungurahua,9,8,0,54,3,1,2020,12,4
2020-12-01,Zamora Chinchipe,12,7,1,44,8,0,2020,12,4
2020-12-01,Galápagos,19,20,0,45,4,0,2020,12,4
2020-12-01,Sucumbíos,11,15,0,46,6,0,2020,12,4
2020-12-01,Orellana,10,9,1,68,5,0,2020,12,4
2020-12-01,Santo Domingo de los Tsáchilas,28,39,1,186,7,0,2020,12,4
2020-12-01,Santa Elena,31,43,3,174,6,3,2020,12,4
2021-01-01,Azuay,12,11,0,53,2,0,2021,1,1
2021-01-01,Bolívar,9,14,0,69,1,1,2021,1,1
2021-01-01,Cañar,7,17,2,59,1,0,2021,1,1
2021-01-01,Carchi,7,14,0,53,2,0,2021,1,1
2021-01-01,Cotopaxi,11,14,0,56,1,1,2021,1,1
2021-01-01,Chimborazo,19,17,0,67,6,1,2021,1,1
2021-01-01,El Oro,23,41,1,122,5,0,2021,1,1
2021-01-01,Esmeraldas,45,69,0,262,13,1,2021,1,1
2021-01-01,Guayas,43,60,3,228,10,1,2021,1,1
2021-01-01,Imbabura,12,22,1,65,2,1,2021,1,1
2021-01-01,Loja,10,15,2,61,2,0,2021,1,1
2021-01-01,Los Ríos,41,43,2,216,11,1,2021,1,1
2021-01-01,Manabí,28,38,1,152,8,2,2021,1,1
2021-01-01,Morona Santiago,12,15,0,77,3,0,2021,1,1
2021-01-01,Napo,8,15,2,62,4,1,2021,1,1
2021-01-01,Pastaza,11,11,0,72,2,0,2021,1,1
2021-01-01,Pichincha,17,25,1,91,7,1,2021,1,1
2021-01-01,Tungurahua,11,15,3,54,5,0,2021,1,1
2021-01-01,Zamora Chinchipe,8,14,0,64,10,0,2021,1,1
2021-01-01,Galápagos,6,19,0,67,6,1,2021,1,1
2021-01-01,Sucumbíos,16,14,0,62,2,1,2021,1,1
2021-01-01,Orellana,8,17,0,60,6,1,2021,1,1
2021-01-01,Santo Domingo de los Tsáchilas,37,36,2,182,9,1,2021,1,1
2021-01-01,Santa Elena,31,53,1,140,8,0,2021,1,1
2021-02-01,Azuay,10,12,1,59,4,0,2021,2,1
2021-02-01,Bolívar,12,15,0,61,3,2,2021,2,1
2021-02-01,Cañar,10,10,0,77,5,0,2021,2,1
2021-02-01,Carchi,14,14,1,62,3,1,2021,2,1
2021-02-01,Cotopaxi,8,16,1,66,0,0,2021,2,1
2021-02-01,Chimborazo,17,15,0,56,6,0,2021,2,1
2021-02-01,El Oro,27,44,3,143,11,0,2021,2,1
2021-02-01,Esmeraldas,49,72,3,241,12,1,2021,2,1
2021-02-01,Guayas,43,51,1,235,15,2,2021,2,1
2021-02-01,Imbabura,14,15,0,60,3,1,2021,2,1
2021-02-01,Loja,11,12,1,68,3,0,2021,2,1
2021-02-01,Los Ríos,42,54,0,196,8,1,2021,2,1
2021-02-01,Manabí,32,39,1,170,4,0,2021,2,1
2021-02-01,Morona Santiago,7,9,2,64,1,0,2021,2,1
2021-02-01,Napo,14,14,1,69,7,0,2021,2,1
2021-02-01,Pastaza,11,16,0,70,3,0,2021,2,1
2021-02-01,Pichincha,17,24,0,102,10,0,2021,2,1
2021-02-01,Tungurahua,11,15,0,63,1,0,2021,2,1
2021-02-01,Zamora Chinchipe,12,18,0,60,7,0,2021,2,1
2021-02-01,Galápagos,15,11,1,63,2,0,2021,2,1
2021-02-01,Sucumbíos,9,16,0,63,4,0,2021,2,1
2021-02-01,Orellana,16,19,1,67,3,1,2021,2,1
2021-02-01,Santo Domingo de los Tsáchilas,38,42,2,157,10,1,2021,2,1
2021-02-01,Santa Elena,37,44,0,160,7,1,2021,2,1
2021-03-01,Azuay,18,9,1,61,1,1,2021,3,1
2021-03-01,Bolívar,13,12,0,62,4,0,2021,3,1
2021-03-01,Cañar,5,17,1,62,4,0,2021,3,1
2021-03-01,Carchi,17,17,0,64,2,0,2021,3,1
2021-03-01,Cotopaxi,16,22,1,58,9,0,2021,3,1
2021-03-01,Chimborazo,9,18,1,60,3,0,2021,3,1
2021-03-01,El Oro,15,38,0,129,7,0,2021,3,1
2021-03-01,Esmeraldas,54,62,3,246,10,2,2021,3,1
2021-03-01,Guayas,44,58,1,225,14,0,2021,3,1
2021-03-01,Imbabura,18,21,0,65,1,0,2021,3,1
2021-03-01,Loja,8,12,1,52,3,1,2021,3,1
2021-03-01,Los Ríos,37,42,3,188,13,2,2021,3,1
2021-03-01,Manabí,37,41,1,169,1,1,2021,3,1
2021-03-01,Morona Santiago,15,16,1,63,9,1,2021,3,1
2021-03-01,Napo,9,16,0,68,3,1,2021,3,1
2021-03-01,Pastaza,8,19,2,76,4,0,2021,3,1
2021-03-01,Pichincha,27,28,1,94,3,0,2021,3,1
2021-03-01,Tungurahua,14,15,0,67,7,0,2021,3,1
2021-03-01,Zamora Chinchipe,17,11,1,74,0,0,2021,3,1
2021-03-01,Galápagos,8,18,0,68,4,0,2021,3,1
2021-03-01,Sucumbíos,14,13,1,73,6,0,2021,3,1
2021-03-01,Orellana,8,13,0,60,6,0,2021,3,1
2021-03-01,Santo Domingo de los Tsáchilas,32,40,1,199,9,1,2021,3,1
2021-03-01,Santa Elena,38,54,2,177,10,1,2021,3,1
2021-04-01,Azuay,8,14,1,75,2,1,2021,4,2
2021-04-01,Bolívar,6,12,0,66,3,0,2021,4,2
2021-04-01,Cañar,14,12,0,61,1,0,2021,4,2
2021-04-01,Carchi,14,24,2,63,5,0,2021,4,2
2021-04-01,Cotopaxi,10,17,1,73,3,0,2021,4,2
2021-04-01,Chimborazo,6,22,0,76,4,0,2021,4,2
2021-04-01,El Oro,31,39,1,157,3,5,2021,4,2
2021-04-01,Esmeraldas,41,56,2,235,17,1,2021,4,2
2021-04-01,Guayas,35,56,4,229,9,1,2021,4,2
2021-04-01,Imbabura,13,18,0,53,4,1,2021,4,2
2021-04-01,Loja,9,18,1,69,4,1,2021,4,2
2021-04-01,Los Ríos,36,57,2,218,8,2,2021,4,2
2021-04-01,Manabí,29,37,3,147,9,0,2021,4,2
2021-04-01,Morona Santiago,12,18,1,66,6,0,2021,4,2
2021-04-01,Napo,18,20,0,70,3,1,2021,4,2
2021-04-01,Pastaza,14,9,0,73,3,0,2021,4,2
2021-04-01,Pichincha,18,26,1,112,3,1,2021,4,2
2021-04-01,Tungurahua,6,19,0,70,4,1,2021,4,2
2021-04-01,Zamora Chinchipe,11,18,1,47,0,0,2021,4,2
2021-04-01,Galápagos,16,14,2,52,1,0,2021,4,2
2021-04-01,Sucumbíos,5,12,1,57,1,2,2021,4,2
2021-04-01,Orellana,18,10,0,61,2,0,2021,4,2
2021-04-01,Santo Domingo de los Tsáchilas,32,50,1,190,7,2,2021,4,2
2021-04-01,Santa Elena,26,47,4,168,8,1,2021,4,2
2021-05-01,Azuay,11,19,1,63,2,0,2021,5,2
2021-05-01,Bolívar,7,11,0,74,3,0,2021,5,2
2021-05-01,Cañar,12,16,3,58,4,0,2021,5,2
2021-05-01,Carchi,5,13,1,66,2,0,2021,5,2
2021-05-01,Cotopaxi,16,13,2,47,2,0,2021,5,2
2021-05-01,Chimborazo,7,14,1,76,1,1,2021,5,2
2021-05-01,El Oro,33,33,2,138,7,0,2021,5,2
2021-05-01,Esmeraldas,47,66,3,238,12,0,2021,5,2
2021-05-01,Guayas,42,57,3,215,16,3,2021,5,2
2021-05-01,Imbabura,11,11,2,65,4,0,2021,5,2
2021-05-01,Loja,14,22,0,61,3,0,2021,5,2
2021-05-01,Los Ríos,34,45,2,194,12,1,2021,5,2
2021-05-01,Manabí,35,38,1,175,14,0,2021,5,2
2021-05-01,Morona Santiago,7,13,1,54,1,0,2021,5,2
2021-05-01,Napo,16,12,1,63,8,0,2021,5,2
2021-05-01,Pastaza,14,15,0,71,0,0,2021,5,2
2021-05-01,Pichincha,16,29,0,94,7,1,2021,5,2
2021-05-01,Tungurahua,9,15,1,74,3,0,2021,5,2
2021-05-01,Zamora Chinchipe,11,10,0,61,7,0,2021,5,2
2021-05-01,Galápagos,11,8,0,63,4,1,2021,5,2
2021-05-01,Sucumbíos,13,17,2,63,4,0,2021,5,2
2021-05-01,Orellana,7,13,1,63,5,0,2021,5,2
2021-05-01,Santo Domingo de los Tsáchilas,36,47,2,193,8,4,2021,5,2
2021-05-01,Santa Elena,30,33,0,167,10,0,2021,5,2
2021-06-01,Azuay,13,6,0,47,2,0,2021,6,2
2021-06-01,Bolívar,10,22,0,61,5,0,2021,6,2
2021-06-01,Cañar,8,11,0,66,4,0,2021,6,2
2021-06-01,Carchi,8,19,0,53,4,0,2021,6,2
2021-06-01,Cotopaxi,12,12,0,57,1,0,2021,6,2
2021-06-01,Chimborazo,8,14,0,61,5,0,2021,6,2
2021-06-01,El Oro,20,31,1,145,3,1,2021,6,2
2021-06-01,Esmeraldas,33,43,3,256,13,1,2021,6,2
2021-06-01,Guayas,41,51,0,198,10,1,2021,6,2
2021-06-01,Imbabura,12,15,0,56,2,0,2021,6,2
2021-06-01,Loja,10,16,0,58,2,0,2021,6,2
2021-06-01,Los Ríos,44,50,4,196,12,0,2021,6,2
2021-06-01,Manabí,25,42,2,143,9,1,2021,6,2
2021-06-01,Morona Santiago,14,17,1,64,1,0,2021,6,2
2021-06-01,Napo,14,13,0,57,1,0,2021,6,2
2021-06-01,Pastaza,10,13,0,58,5,0,2021,6,2
2021-06-01,Pichincha,16,16,0,80,6,0,2021,6,2
2021-06-01,Tungurahua,10,14,0,70,3,0,2021,6,2
2021-06-01,Zamora Chinchipe,12,16,1,62,2,0,2021,6,2
2021-06-01,Galápagos,10,19,0,66,3,0,2021,6,2
2021-06-01,Sucumbíos,6,13,2,62,2,1,2021,6,2
2021-06-01,Orellana,11,21,2,55,4,1,2021,6,2
2021-06-01,Santo Domingo de los Tsáchilas,30,41,3,152,7,1,2021,6,2
2021-06-01,Santa Elena,37,47,2,157,6,0,2021,6,2
2021-07-01,Azuay,11,13,0,59,3,0,2021,7,3
2021-07-01,Bolívar,11,13,1,53,4,2,2021,7,3
2021-07-01,Cañar,6,3,0,72,2,0,2021,7,3
2021-07-01,Carchi,7,16,0,60,3,1,2021,7,3
2021-07-01,Cotopaxi,12,16,0,55,1,1,2021,7,3
2021-07-01,Chimborazo,8,15,0,62,4,0,2021,7,3
2021-07-01,El Oro,27,39,0,133,11,0,2021,7,3
2021-07-01,Esmeraldas,39,53,4,229,4,3,2021,7,3
2021-07-01,Guayas,39,52,4,220,13,2,2021,7,3
2021-07-01,Imbabura,10,16,1,57,4,0,2021,7,3
2021-07-01,Loja,8,15,2,58,4,0,2021,7,3
2021-07-01,Los Ríos,23,45,4,187,5,3,2021,7,3
2021-07-01,Manabí,42,50,0,153,5,1,2021,7,3
2021-07-01,Morona Santiago,7,10,0,44,0,0,2021,7,3
2021-07-01,Napo,11,9,1,66,5,0,2021,7,3
2021-07-01,Pastaza,16,16,1,56,2,0,2021,7,3
2021-07-01,Pichincha,21,18,2,101,3,0,2021,7,3
2021-07-01,Tungurahua,11,17,0,55,2,0,2021,7,3
2021-07-01,Zamora Chinchipe,11,18,1,54,2,0,2021,7,3
2021-07-01,Galápagos,9,25,0,68,4,0,2021,7,3
2021-07-01,Sucumbíos,10,23,1,62,3,0,2021,7,3
2021-07-01,Orellana,14,12,0,48,2,0,2021,7,3
2021-07-01,Santo Domingo de los Tsáchilas,33,36,0,138,9,0,2021,7,3
2021-07-01,Santa Elena,38,43,4,152,9,2,2021,7,3
2021-08-01,Azuay,8,11,2,55,1,0,2021,8,3
2021-08-01,Bolívar,11,16,1,66,8,0,2021,8,3
2021-08-01,Cañar,8,16,0,51,0,1,2021,8,3
2021-08-01,Carchi,12,14,0,64,2,1,2021,8,3
2021-08-01,Cotopaxi,10,10,0,57,3,0,2021,8,3
2021-08-01,Chimborazo,7,14,0,69,1,0,2021,8,3
2021-08-01,El Oro,31,37,4,128,5,1,2021,8,3
2021-08-01,Esmeraldas,44,67,3,260,9,2,2021,8,3
2021-08-01,Guayas,34,52,0,208,13,1,2021,8,3
2021-08-01,Imbabura,14,15,0,53,3,2,2021,8,3
2021-08-01,Loja,12,16,1,58,3,0,2021,8,3
2021-08-01,Los Ríos,33,49,3,175,10,0,2021,8,3
2021-08-01,Manabí,25,40,3,132,2,0,2021,8,3
2021-08-01,Morona Santiago,7,12,0,53,1,1,2021,8,3
2021-08-01,Napo,13,12,0,55,4,0,2021,8,3
2021-08-01,Pastaza,12,15,0,56,3,1,2021,8,3
2021-08-01,Pichincha,10,23,2,78,4,0,2021,8,3
2021-08-01,Tungurahua,10,10,0,51,1,2,2021,8,3
2021-08-01,Zamora Chinchipe,13,17,1,50,3,0,2021,8,3
2021-08-01,Galápagos,9,13,1,49,3,0,2021,8,3
2021-08-01,Sucumbíos,12,16,0,63,7,0,2021,8,3
2021-08-01,Orellana,4,18,0,62,4,0,2021,8,3
2021-08-01,Santo Domingo de los Tsáchilas,32,39,1,162,9,0,2021,8,3
2021-08-01,Santa Elena,24,44,1,156,8,0,2021,8,3
2021-09-01,Azuay,8,17,0,47,5,0,2021,9,3
2021-09-01,Bolívar,8,12,1,60,2,1,2021,9,3
2021-09-01,Cañar,10,10,3,58,3,1,2021,9,3
2021-09-01,Carchi,12,13,0,49,1,0,2021,9,3
2021-09-01,Cotopaxi,16,12,2,52,1,1,2021,9,3
2021-09-01,Chimborazo,11,7,0,57,4,0,2021,9,3
2021-09-01,El Oro,16,31,2,126,5,0,2021,9,3
2021-09-01,Esmeraldas,35,41,2,231,11,1,2021,9,3
2021-09-01,Guayas,34,53,3,213,8,1,2021,9,3
2021-09-01,Imbabura,11,21,0,67,4,1,2021,9,3
2021-09-01,Loja,9,14,2,69,4,0,2021,9,3
2021-09-01,Los Ríos,40,46,4,166,14,0,2021,9,3
2021-09-01,Manabí,20,50,2,149,10,0,2021,9,3
2021-09-01,Morona Santiago,10,8,0,49,3,1,2021,9,3
2021-09-01,Napo,12,17,1,55,1,0,2021,9,3
2021-09-01,Pastaza,9,5,1,59,3,0,2021,9,3
2021-09-01,Pichincha,16,22,2,85,2,0,2021,9,3
2021-09-01,Tungurahua,10,11,0,44,2,0,2021,9,3
2021-09-01,Zamora Chinchipe,7,18,1,67,6,0,2021,9,3
2021-09-01,Galápagos,10,14,1,44,2,0,2021,9,3
2021-09-01,Sucumbíos,8,17,0,46,3,1,2021,9,3
2021-09-01,Orellana,4,9,1,61,5,1,2021,9,3
2021-09-01,Santo Domingo de los Tsáchilas,21,45,1,143,9,1,2021,9,3
2021-09-01,Santa Elena,29,32,2,154,6,1,2021,9,3
2021-10-01,Azuay,6,17,0,53,3,0,2021,10,4
2021-10-01,Bolívar,9,10,0,61,4,1,2021,10,4
2021-10-01,Cañar,14,12,0,57,0,0,2021,10,4
2021-10-01,Carchi,8,15,0,66,3,0,2021,10,4
2021-10-01,Cotopaxi,11,21,0,73,2,0,2021,10,4
2021-10-01,Chimborazo,15,7,1,55,3,0,2021,10,4
2021-10-01,El Oro,23,35,0,122,2,0,2021,10,4
2021-10-01,Esmeraldas,40,39,3,264,11,1,2021,10,4
2021-10-01,Guayas,39,50,3,188,6,2,2021,10,4
2021-10-01,Imbabura,13,11,0,53,3,0,2021,10,4
2021-10-01,Loja,8,12,2,59,3,0,2021,10,4
2021-10-01,Los Ríos,41,43,1,177,5,0,2021,10,4
2021-10-01,Manabí,32,44,3,153,6,2,2021,10,4
2021-10-01,Morona Santiago,9,15,0,53,3,0,2021,10,4
2021-10-01,Napo,9,17,1,75,0,0,2021,10,4
2021-10-01,Pastaza,9,13,0,41,2,0,2021,10,4
2021-10-01,Pichincha,15,21,1,94,3,0,2021,10,4
2021-10-01,Tungurahua,15,14,1,60,6,0,2021,10,4
2021-10-01,Zamora Chinchipe,16,10,3,65,2,0,2021,10,4
2021-10-01,Galápagos,8,19,2,55,5,0,2021,10,4
2021-10-01,Sucumbíos,12,19,0,64,2,1,2021,10,4
2021-10-01,Orellana,12,13,0,43,5,0,2021,10,4
2021-10-01,Santo Domingo de los Tsáchilas,36,45,2,124,9,2,2021,10,4
2021-10-01,Santa Elena,27,40,2,136,4,0,2021,10,4
2021-11-01,Azuay,10,14,0,57,1,1,2021,11,4
2021-11-01,Bolívar,12,10,1,62,3,0,2021,11,4
2021-11-01,Cañar,8,12,1,41,6,0,2021,11,4
2021-11-01,Carchi,9,17,0,64,7,0,2021,11,4
2021-11-01,Cotopaxi,7,12,1,67,0,0,2021,11,4
2021-11-01,Chimborazo,8,13,0,51,6,2,2021,11,4
2021-11-01,El Oro,22,36,1,118,5,1,2021,11,4
2021-11-01,Esmeraldas,46,66,4,213,14,0,2021,11,4
2021-11-01,Guayas,42,43,2,194,5,0,2021,11,4
2021-11-01,Imbabura,7,14,0,48,3,0,2021,11,4
2021-11-01,Loja,17,18,0,45,2,1,2021,11,4
2021-11-01,Los Ríos,37,42,3,178,10,0,2021,11,4
2021-11-01,Manabí,40,41,0,133,9,2,2021,11,4
2021-11-01,Morona Santiago,7,16,0,51,2,0,2021,11,4
2021-11-01,Napo,14,13,0,50,5,1,2021,11,4
2021-11-01,Pastaza,8,21,1,57,1,0,2021,11,4
2021-11-01,Pichincha,15,20,1,85,10,0,2021,11,4
2021-11-01,Tungurahua,19,13,0,62,3,0,2021,11,4
2021-11-01,Zamora Chinchipe,9,18,1,41,9,0,2021,11,4
2021-11-01,Galápagos,14,24,0,59,2,0,2021,11,4
2021-11-01,Sucumbíos,9,17,0,59,2,1,2021,11,4
2021-11-01,Orellana,13,12,0,56,2,1,2021,11,4
2021-11-01,Santo Domingo de los Tsáchilas,24,38,0,167,6,1,2021,11,4
2021-11-01,Santa Elena,29,51,1,167,11,1,2021,11,4
2021-12-01,Azuay,11,10,1,65,4,0,2021,12,4
2021-12-01,Bolívar,12,19,1,53,1,0,2021,12,4
2021-12-01,Cañar,19,21,0,60,0,0,2021,12,4
2021-12-01,Carchi,11,17,0,71,6,0,2021,12,4
2021-12-01,Cotopaxi,10,20,0,48,4,0,2021,12,4
2021-12-01,Chimborazo,13,10,0,65,3,0,2021,12,4
2021-12-01,El Oro,23,26,1,143,6,1,2021,12,4
2021-12-01,Esmeraldas,40,60,4,266,18,1,2021,12,4
2021-12-01,Guayas,45,53,1,216,10,2,2021,12,4
2021-12-01,Imbabura,9,17,0,62,7,0,2021,12,4
2021-12-01,Loja,11,17,0,66,6,0,2021,12,4
2021-12-01,Los Ríos,27,46,1,194,5,1,2021,12,4
2021-12-01,Manabí,28,39,2,149,7,0,2021,12,4
2021-12-01,Morona Santiago,9,19,2,64,0,0,2021,12,4
2021-12-01,Napo,14,12,0,52,7,1,2021,12,4
2021-12-01,Pastaza,11,12,1,53,2,0,2021,12,4
2021-12-01,Pichincha,17,30,1,99,7,2,2021,12,4
2021-12-01,Tungurahua,8,17,2,61,3,0,2021,12,4
2021-12-01,Zamora Chinchipe,15,14,2,53,1,0,2021,12,4
2021-12-01,Galápagos,7,12,2,64,6,1,2021,12,4
2021-12-01,Sucumbíos,12,7,0,57,2,0,2021,12,4
2021-12-01,Orellana,9,7,1,53,1,0,2021,12,4
2021-12-01,Santo Domingo de los Tsáchilas,28,50,2,166,10,1,2021,12,4
2021-12-01,Santa Elena,33,42,3,167,14,1,2021,12,4
2022-01-01,Azuay,9,19,0,66,5,1,2022,1,1
2022-01-01,Bolívar,11,9,1,68,4,0,2022,1,1
2022-01-01,Cañar,17,20,2,66,2,0,2022,1,1
2022-01-01,Carchi,12,16,1,59,3,1,2022,1,1
2022-01-01,Cotopaxi,7,18,1,61,1,1,2022,1,1
2022-01-01,Chimborazo,16,12,0,71,1,0,2022,1,1
2022-01-01,El Oro,31,40,0,129,3,0,2022,1,1
2022-01-01,Esmeraldas,45,65,2,257,11,1,2022,1,1
2022-01-01,Guayas,43,52,2,210,10,0,2022,1,1
2022-01-01,Imbabura,19,8,2,75,1,0,2022,1,1
2022-01-01,Loja,8,10,0,59,3,0,2022,1,1
2022-01-01,Los Ríos,44,55,3,218,8,0,2022,1,1
2022-01-01,Manabí,24,37,1,166,8,0,2022,1,1
2022-01-01,Morona Santiago,10,17,1,66,2,1,2022,1,1
2022-01-01,Napo,14,10,0,74,3,0,2022,1,1
2022-01-01,Pastaza,20,13,0,56,2,1,2022,1,1
2022-01-01,Pichincha,15,19,1,105,10,1,2022,1,1
2022-01-01,Tungurahua,9,14,0,73,6,1,2022,1,1
2022-01-01,Zamora Chinchipe,9,14,0,58,3,0,2022,1,1
2022-01-01,Galápagos,8,16,0,63,3,0,2022,1,1
2022-01-01,Sucumbíos,13,15,0,53,1,0,2022,1,1
2022-01-01,Orellana,7,21,1,70,2,0,2022,1,1
2022-01-01,Santo Domingo de los Tsáchilas,31,44,1,176,18,1,2022,1,1
2022-01-01,Santa Elena,30,55,2,173,8,0,2022,1,1
2022-02-01,Azuay,19,17,0,67,7,1,2022,2,1
2022-02-01,Bolívar,8,12,2,52,6,0,2022,2,1
2022-02-01,Cañar,16,19,0,85,2,1,2022,2,1
2022-02-01,Carchi,12,17,1,66,4,1,2022,2,1
2022-02-01,Cotopaxi,7,14,1,66,2,0,2022,2,1
2022-02-01,Chimborazo,12,17,0,61,3,0,2022,2,1
2022-02-01,El Oro,37,45,1,143,7,2,2022,2,1
2022-02-01,Esmeraldas,50,57,3,247,14,1,2022,2,1
2022-02-01,Guayas,38,46,4,252,10,0,2022,2,1
2022-02-01,Imbabura,24,14,0,55,3,0,2022,2,1
2022-02-01,Loja,8,14,0,63,3,0,2022,2,1
2022-02-01,Los Ríos,42,53,2,191,9,2,2022,2,1
2022-02-01,Manabí,28,42,1,183,8,1,2022,2,1
2022-02-01,Morona Santiago,13,17,1,80,2,0,2022,2,1
2022-02-01,Napo,10,11,0,76,2,0,2022,2,1
2022-02-01,Pastaza,12,12,0,61,4,1,2022,2,1
2022-02-01,Pichincha,26,29,0,90,7,0,2022,2,1
2022-02-01,Tungurahua,11,15,1,51,3,0,2022,2,1
2022-02-01,Zamora Chinchipe,15,20,0,73,2,0,2022,2,1
2022-02-01,Galápagos,14,16,1,54,3,0,2022,2,1
2022-02-01,Sucumbíos,13,14,1,65,5,0,2022,2,1
2022-02-01,Orellana,11,18,0,56,5,0,2022,2,1
2022-02-01,Santo Domingo de los Tsáchilas,33,39,1,176,5,0,2022,2,1
2022-02-01,Santa Elena,39,49,1,192,9,1,2022,2,1
2022-03-01,Azuay,11,23,1,65,2,0,2022,3,1
2022-03-01,Bolívar,15,16,0,64,5,0,2022,3,1
2022-03-01,Cañar,13,22,3,87,1,1,2022,3,1
2022-03-01,Carchi,9,18,3,61,2,0,2022,3,1
2022-03-01,Cotopaxi,14,15,0,68,2,0,2022,3,1
2022-03-01,Chimborazo,13,18,0,65,5,1,2022,3,1
2022-03-01,El Oro,28,32,1,153,11,2,2022,3,1
2022-03-01,Esmeraldas,53,61,5,243,12,5,2022,3,1
2022-03-01,Guayas,28,44,2,204,9,0,2022,3,1
2022-03-01,Imbabura,19,19,1,68,1,0,2022,3,1
2022-03-01,Loja,9,11,0,72,5,1,2022,3,1
2022-03-01,Los Ríos,29,57,3,184,4,1,2022,3,1
2022-03-01,Manabí,37,32,1,183,10,2,2022,3,1
2022-03-01,Morona Santiago,15,19,0,71,2,0,2022,3,1
2022-03-01,Napo,11,13,0,64,5,1,2022,3,1
2022-03-01,Pastaza,12,12,1,52,4,0,2022,3,1
2022-03-01,Pichincha,25,21,2,115,8,0,2022,3,1
2022-03-01,Tungurahua,4,16,1,62,4,0,2022,3,1
2022-03-01,Zamora Chinchipe,11,11,0,78,4,0,2022,3,1
2022-03-01,Galápagos,14,15,0,58,3,0,2022,3,1
2022-03-01,Sucumbíos,16,13,0,57,2,1,2022,3,1
2022-03-01,Orellana,9,23,1,63,2,1,2022,3,1
2022-03-01,Santo Domingo de los Tsáchilas,32,49,2,183,10,1,2022,3,1
2022-03-01,Santa Elena,30,35,1,187,12,0,2022,3,1
2022-04-01,Azuay,13,18,2,70,3,0,2022,4,2
2022-04-01,Bolívar,21,17,1,59,1,1,2022,4,2
2022-04-01,Cañar,5,13,1,73,5,0,2022,4,2
2022-04-01,Carchi,17,8,1,56,3,1,2022,4,2
2022-04-01,Cotopaxi,15,13,1,50,2,1,2022,4,2
2022-04-01,Chimborazo,10,24,2,58,2,0,2022,4,2
2022-04-01,El Oro,29,40,2,123,8,0,2022,4,2
2022-04-01,Esmeraldas,43,74,4,279,17,1,2022,4,2
2022-04-01,Guayas,31,54,2,210,15,0,2022,4,2
2022-04-01,Imbabura,15,13,0,73,4,0,2022,4,2
2022-04-01,Loja,13,16,0,53,3,1,2022,4,2
2022-04-01,Los Ríos,34,47,0,191,11,0,2022,4,2
2022-04-01,Manabí,27,49,3,151,6,2,2022,4,2
2022-04-01,Morona Santiago,9,21,0,61,5,0,2022,4,2
2022-04-01,Napo,17,13,1,67,5,0,2022,4,2
2022-04-01,Pastaza,11,22,0,65,5,1,2022,4,2
2022-04-01,Pichincha,16,26,1,99,8,0,2022,4,2
2022-04-01,Tungurahua,11,13,2,61,2,0,2022,4,2
2022-04-01,Zamora Chinchipe,7,21,1,82,5,0,2022,4,2
2022-04-01,Galápagos,15,16,0,76,6,0,2022,4,2
2022-04-01,Sucumbíos,6,23,0,74,3,0,2022,4,2
2022-04-01,Orellana,8,13,0,69,5,0,2022,4,2
2022-04-01,Santo Domingo de los Tsáchilas,35,36,1,176,7,0,2022,4,2
2022-04-01,Santa Elena,26,31,3,178,10,0,2022,4,2
2022-05-01,Azuay,13,26,0,65,2,0,2022,5,2
2022-05-01,Bolívar,11,17,0,57,5,2,2022,5,2
2022-05-01,Cañar,9,20,3,57,2,0,2022,5,2
2022-05-01,Carchi,5,17,1,65,1,2,2022,5,2
2022-05-01,Cotopaxi,12,16,1,67,1,0,2022,5,2
2022-05-01,Chimborazo,12,17,1,60,2,0,2022,5,2
2022-05-01,El Oro,38,41,3,138,10,0,2022,5,2
2022-05-01,Esmeraldas,45,72,4,232,14,3,2022,5,2
2022-05-01,Guayas,33,55,4,240,15,0,2022,5,2
2022-05-01,Imbabura,10,9,0,45,2,0,2022,5,2
2022-05-01,Loja,13,14,2,63,3,0,2022,5,2
2022-05-01,Los Ríos,45,52,0,194,6,0,2022,5,2
2022-05-01,Manabí,29,41,2,176,17,2,2022,5,2
2022-05-01,Morona Santiago,9,16,1,61,4,0,2022,5,2
2022-05-01,Napo,16,16,0,59,1,0,2022,5,2
2022-05-01,Pastaza,13,25,1,55,5,0,2022,5,2
2022-05-01,Pichincha,19,30,1,98,5,0,2022,5,2
2022-05-01,Tungurahua,7,15,2,54,3,0,2022,5,2
2022-05-01,Zamora Chinchipe,16,19,0,68,6,0,2022,5,2
2022-05-01,Galápagos,12,22,0,71,1,0,2022,5,2
2022-05-01,Sucumbíos,7,15,0,63,5,0,2022,5,2
2022-05-01,Orellana,8,14,1,71,2,0,2022,5,2
2022-05-01,Santo Domingo de los Tsáchilas,42,43,2,169,9,1,2022,5,2
2022-05-01,Santa Elena,31,41,1,185,9,1,2022,5,2
2022-06-01,Azuay,6,15,0,61,5,0,2022,6,2
2022-06-01,Bolívar,12,18,0,76,4,0,2022,6,2
2022-06-01,Cañar,4,17,1,57,1,1,2022,6,2
2022-06-01,Carchi,15,18,1,53,9,1,2022,6,2
2022-06-01,Cotopaxi,18,22,1,63,4,0,2022,6,2
2022-06-01,Chimborazo,9,10,1,69,3,1,2022,6,2
2022-06-01,El Oro,25,41,1,148,5,0,2022,6,2
2022-06-01,Esmeraldas,37,58,0,227,13,0,2022,6,2
2022-06-01,Guayas,54,59,3,220,13,1,2022,6,2
2022-06-01,Imbabura,8,11,0,65,7,0,2022,6,2
2022-06-01,Loja,8,15,1,62,3,0,2022,6,2
2022-06-01,Los Ríos,37,50,2,180,4,0,2022,6,2
2022-06-01,Manabí,28,45,2,154,5,1,2022,6,2
2022-06-01,Morona Santiago,11,17,0,62,2,0,2022,6,2
2022-06-01,Napo,5,10,1,63,5,1,2022,6,2
2022-06-01,Pastaza,13,16,0,67,3,0,2022,6,2
2022-06-01,Pichincha,15,33,1,96,3,0,2022,6,2
2022-06-01,Tungurahua,14,17,0,62,2,1,2022,6,2
2022-06-01,Zamora Chinchipe,10,8,0,52,0,0,2022,6,2
2022-06-01,Galápagos,18,13,1,53,2,0,2022,6,2
2022-06-01,Sucumbíos,12,16,0,65,1,0,2022,6,2
2022-06-01,Orellana,12,19,0,56,5,0,2022,6,2
2022-06-01,Santo Domingo de los Tsáchilas,33,31,2,171,5,3,2022,6,2
2022-06-01,Santa Elena,26,49,0,174,8,0,2022,6,2
2022-07-01,Azuay,13,15,0,61,1,0,2022,7,3
2022-07-01,Bolívar,12,11,1,67,3,0,2022,7,3
2022-07-01,Cañar,19,12,1,54,5,0,2022,7,3
2022-07-01,Carchi,14,19,2,61,1,1,2022,7,3
2022-07-01,Cotopaxi,7,17,2,70,1,0,2022,7,3
2022-07-01,Chimborazo,11,17,0,59,4,2,2022,7,3
2022-07-01,El Oro,26,28,0,141,5,0,2022,7,3
2022-07-01,Esmeraldas,40,65,3,206,13,3,2022,7,3
2022-07-01,Guayas,44,53,2,208,13,3,2022,7,3
2022-07-01,Imbabura,12,19,0,63,6,1,2022,7,3
2022-07-01,Loja,13,9,1,58,2,0,2022,7,3
2022-07-01,Los Ríos,35,57,2,173,8,1,2022,7,3
2022-07-01,Manabí,35,46,0,163,7,1,2022,7,3
2022-07-01,Morona Santiago,16,13,0,59,2,0,2022,7,3
2022-07-01,Napo,10,16,1,62,6,1,2022,7,3
2022-07-01,Pastaza,13,13,1,55,2,0,2022,7,3
2022-07-01,Pichincha,22,16,0,94,3,0,2022,7,3
2022-07-01,Tungurahua,16,19,0,57,3,2,2022,7,3
2022-07-01,Zamora Chinchipe,14,17,0,60,2,0,2022,7,3
2022-07-01,Galápagos,15,17,0,47,3,1,2022,7,3
2022-07-01,Sucumbíos,12,14,0,72,2,0,2022,7,3
2022-07-01,Orellana,12,15,1,60,9,0,2022,7,3
2022-07-01,Santo Domingo de los Tsáchilas,36,46,3,173,3,1,2022,7,3
2022-07-01,Santa Elena,32,35,5,147,2,1,2022,7,3
2022-08-01,Azuay,8,19,2,60,2,0,2022,8,3
2022-08-01,Bolívar,13,12,1,60,4,0,2022,8,3
2022-08-01,Cañar,15,14,0,61,1,0,2022,8,3
2022-08-01,Carchi,9,12,1,54,5,2,2022,8,3
2022-08-01,Cotopaxi,13,20,0,66,2,1,2022,8,3
2022-08-01,Chimborazo,8,13,0,52,6,2,2022,8,3
2022-08-01,El Oro,23,35,0,125,5,0,2022,8,3
2022-08-01,Esmeraldas,43,49,0,242,5,2,2022,8,3
2022-08-01,Guayas,35,56,3,199,10,0,2022,8,3
2022-08-01,Imbabura,9,17,1,61,2,2,2022,8,3
2022-08-01,Loja,13,15,0,67,1,0,2022,8,3
2022-08-01,Los Ríos,26,41,2,205,8,0,2022,8,3
2022-08-01,Manabí,24,34,1,158,7,0,2022,8,3
2022-08-01,Morona Santiago,12,9,0,45,6,0,2022,8,3
2022-08-01,Napo,7,16,0,56,4,0,2022,8,3
2022-08-01,Pastaza,16,9,1,66,1,2,2022,8,3
2022-08-01,Pichincha,20,10,0,90,6,1,2022,8,3
2022-08-01,Tungurahua,8,13,2,47,1,0,2022,8,3
2022-08-01,Zamora Chinchipe,8,20,0,61,0,0,2022,8,3
2022-08-01,Galápagos,13,14,2,64,2,1,2022,8,3
2022-08-01,Sucumbíos,12,15,1,58,4,0,2022,8,3
2022-08-01,Orellana,8,13,2,67,2,0,2022,8,3
2022-08-01,Santo Domingo de los Tsáchilas,27,40,3,160,10,1,2022,8,3
2022-08-01,Santa Elena,32,43,4,127,10,1,2022,8,3
2022-09-01,Azuay,4,21,0,47,5,0,2022,9,3
2022-09-01,Bolívar,7,19,1,55,2,1,2022,9,3
2022-09-01,Cañar,11,12,1,50,3,1,2022,9,3
2022-09-01,Carchi,9,13,0,66,2,0,2022,9,3
2022-09-01,Cotopaxi,10,14,0,62,4,0,2022,9,3
2022-09-01,Chimborazo,8,18,1,53,2,0,2022,9,3
2022-09-01,El Oro,33,29,2,137,6,0,2022,9,3
2022-09-01,Esmeraldas,39,49,3,205,21,0,2022,9,3
2022-09-01,Guayas,39,49,2,208,10,1,2022,9,3
2022-09-01,Imbabura,10,15,0,65,5,0,2022,9,3
2022-09-01,Loja,10,16,0,49,2,0,2022,9,3
2022-09-01,Los Ríos,35,31,0,190,7,3,2022,9,3
2022-09-01,Manabí,31,49,1,148,7,1,2022,9,3
2022-09-01,Morona Santiago,7,16,0,57,1,1,2022,9,3
2022-09-01,Napo,12,8,1,45,3,0,2022,9,3
2022-09-01,Pastaza,11,18,0,71,6,0,2022,9,3
2022-09-01,Pichincha,17,29,3,99,3,0,2022,9,3
2022-09-01,Tungurahua,7,16,1,63,4,1,2022,9,3
2022-09-01,Zamora Chinchipe,10,9,1,61,3,0,2022,9,3
2022-09-01,Galápagos,12,15,0,64,5,2,2022,9,3
2022-09-01,Sucumbíos,9,16,0,46,2,2,2022,9,3
2022-09-01,Orellana,13,13,1,57,5,1,2022,9,3
2022-09-01,Santo Domingo de los Tsáchilas,28,45,0,141,8,1,2022,9,3
2022-09-01,Santa Elena,30,40,1,144,6,1,2022,9,3
2022-10-01,Azuay,12,14,2,59,3,0,2022,10,4
2022-10-01,Bolívar,8,19,0,50,2,0,2022,10,4
2022-10-01,Cañar,8,13,1,58,3,1,2022,10,4
2022-10-01,Carchi,9,15,1,64,3,0,2022,10,4
2022-10-01,Cotopaxi,9,20,0,66,6,0,2022,10,4
2022-10-01,Chimborazo,8,12,1,48,5,0,2022,10,4
2022-10-01,El Oro,29,37,0,121,7,2,2022,10,4
2022-10-01,Esmeraldas,47,49,6,219,14,2,2022,10,4
2022-10-01,Guayas,40,49,5,154,9,2,2022,10,4
2022-10-01,Imbabura,8,12,0,57,2,0,2022,10,4
2022-10-01,Loja,12,13,1,50,0,1,2022,10,4
2022-10-01,Los Ríos,37,40,5,177,3,1,2022,10,4
2022-10-01,Manabí,30,34,1,122,10,0,2022,10,4
2022-10-01,Morona Santiago,9,13,0,50,1,0,2022,10,4
2022-10-01,Napo,11,17,0,52,6,0,2022,10,4
2022-10-01,Pastaza,15,17,0,54,3,1,2022,10,4
2022-10-01,Pichincha,21,21,1,78,8,1,2022,10,4
2022-10-01,Tungurahua,9,12,0,50,2,0,2022,10,4
2022-10-01,Zamora Chinchipe,8,8,1,57,3,0,2022,10,4
2022-10-01,Galápagos,6,10,0,62,2,1,2022,10,4
2022-10-01,Sucumbíos,12,13,0,54,8,0,2022,10,4
2022-10-01,Orellana,17,15,0,54,5,0,2022,10,4
2022-10-01,Santo Domingo de los Tsáchilas,26,34,1,164,5,1,2022,10,4
2022-10-01,Santa Elena,30,51,1,153,7,2,2022,10,4
2022-11-01,Azuay,13,17,2,52,4,0,2022,11,4
2022-11-01,Bolívar,3,16,2,52,2,0,2022,11,4
2022-11-01,Cañar,12,18,0,49,2,0,2022,11,4
2022-11-01,Carchi,6,18,1,57,4,0,2022,11,4
2022-11-01,Cotopaxi,13,15,2,45,3,0,2022,11,4
2022-11-01,Chimborazo,14,17,0,61,5,1,2022,11,4
2022-11-01,El Oro,16,30,2,130,6,0,2022,11,4
2022-11-01,Esmeraldas,47,62,4,247,11,1,2022,11,4
2022-11-01,Guayas,41,61,1,224,11,0,2022,11,4
2022-11-01,Imbabura,9,11,0,53,3,0,2022,11,4
2022-11-01,Loja,14,11,0,67,6,0,2022,11,4
2022-11-01,Los Ríos,25,52,0,179,3,0,2022,11,4
2022-11-01,Manabí,24,31,2,142,10,2,2022,11,4
2022-11-01,Morona Santiago,8,13,1,51,2,1,2022,11,4
2022-11-01,Napo,12,11,1,54,4,0,2022,11,4
2022-11-01,Pastaza,13,13,1,48,3,0,2022,11,4
2022-11-01,Pichincha,18,29,1,88,9,0,2022,11,4
2022-11-01,Tungurahua,5,13,0,63,3,0,2022,11,4
2022-11-01,Zamora Chinchipe,13,14,0,64,5,0,2022,11,4
2022-11-01,Galápagos,8,8,1,61,2,0,2022,11,4
2022-11-01,Sucumbíos,9,12,2,48,4,1,2022,11,4
2022-11-01,Orellana,10,15,0,65,5,0,2022,11,4
2022-11-01,Santo Domingo de los Tsáchilas,26,43,3,162,11,0,2022,11,4
2022-11-01,Santa Elena,21,49,0,164,6,1,2022,11,4
2022-12-01,Azuay,13,22,1,54,3,0,2022,12,4
2022-12-01,Bolívar,9,14,0,59,1,0,2022,12,4
2022-12-01,Cañar,18,6,0,62,3,0,2022,12,4
2022-12-01,Carchi,14,19,0,60,4,0,2022,12,4
2022-12-01,Cotopaxi,21,21,0,71,0,0,2022,12,4
2022-12-01,Chimborazo,6,11,0,54,3,0,2022,12,4
2022-12-01,El Oro,31,24,2,129,9,1,2022,12,4
2022-12-01,Esmeraldas,57,64,1,217,14,1,2022,12,4
2022-12-01,Guayas,40,43,2,223,9,1,2022,12,4
2022-12-01,Imbabura,13,11,1,59,7,0,2022,12,4
2022-12-01,Loja,16,19,0,54,4,0,2022,12,4
2022-12-01,Los Ríos,44,49,0,176,11,0,2022,12,4
2022-12-01,Manabí,25,34,2,152,10,1,2022,12,4
2022-12-01,Morona Santiago,10,21,3,62,1,1,2022,12,4
2022-12-01,Napo,16,15,0,72,2,0,2022,12,4
2022-12-01,Pastaza,7,8,5,61,2,1,2022,12,4
2022-12-01,Pichincha,16,29,2,71,3,1,2022,12,4
2022-12-01,Tungurahua,11,20,0,70,1,1,2022,12,4
2022-12-01,Zamora Chinchipe,12,22,0,59,7,0,2022,12,4
2022-12-01,Galápagos,12,15,2,46,4,0,2022,12,4
2022-12-01,Sucumbíos,11,11,1,62,3,0,2022,12,4
2022-12-01,Orellana,11,14,1,83,2,0,2022,12,4
2022-12-01,Santo Domingo de los Tsáchilas,33,44,6,179,7,2,2022,12,4
2022-12-01,Santa Elena,42,41,1,171,10,2,2022,12,4
2023-01-01,Azuay,10,18,0,64,0,0,2023,1,1
2023-01-01,Bolívar,9,16,0,74,5,0,2023,1,1
2023-01-01,Cañar,13,15,0,63,4,0,2023,1,1
2023-01-01,Carchi,14,27,1,54,5,0,2023,1,1
2023-01-01,Cotopaxi,8,19,0,59,3,1,2023,1,1
2023-01-01,Chimborazo,11,16,0,67,2,0,2023,1,1
2023-01-01,El Oro,27,37,1,162,6,0,2023,1,1
2023-01-01,Esmeraldas,34,61,7,276,20,2,2023,1,1
2023-01-01,Guayas,65,50,6,220,13,0,2023,1,1
2023-01-01,Imbabura,17,17,0,61,7,0,2023,1,1
2023-01-01,Loja,16,13,0,54,3,1,2023,1,1
2023-01-01,Los Ríos,47,37,1,193,7,1,2023,1,1
2023-01-01,Manabí,26,49,2,158,11,2,2023,1,1
2023-01-01,Morona Santiago,8,11,0,69,5,0,2023,1,1
2023-01-01,Napo,10,14,1,59,4,1,2023,1,1
2023-01-01,Pastaza,10,20,2,71,3,0,2023,1,1
2023-01-01,Pichincha,9,26,2,116,7,0,2023,1,1
2023-01-01,Tungurahua,7,28,0,67,2,0,2023,1,1
2023-01-01,Zamora Chinchipe,6,14,1,70,6,1,2023,1,1
2023-01-01,Galápagos,17,11,0,72,3,0,2023,1,1
2023-01-01,Sucumbíos,14,23,0,59,6,0,2023,1,1
2023-01-01,Orellana,9,16,0,69,0,0,2023,1,1
2023-01-01,Santo Domingo de los Tsáchilas,41,40,1,187,4,1,2023,1,1
2023-01-01,Santa Elena,30,43,0,194,14,1,2023,1,1
2023-02-01,Azuay,17,13,1,61,5,0,2023,2,1
2023-02-01,Bolívar,11,18,0,60,2,0,2023,2,1
2023-02-01,Cañar,12,13,1,69,1,0,2023,2,1
2023-02-01,Carchi,16,17,0,57,2,0,2023,2,1
2023-02-01,Cotopaxi,17,15,1,86,2,0,2023,2,1
2023-02-01,Chimborazo,6,16,2,63,3,0,2023,2,1
2023-02-01,El Oro,28,38,1,159,9,1,2023,2,1
2023-02-01,Esmeraldas,52,57,3,239,11,0,2023,2,1
2023-02-01,Guayas,43,58,4,240,10,2,2023,2,1
2023-02-01,Imbabura,14,13,1,59,6,0,2023,2,1
2023-02-01,Loja,14,28,1,60,6,0,2023,2,1
2023-02-01,Los Ríos,37,34,0,210,7,1,2023,2,1
2023-02-01,Manabí,33,55,3,171,17,0,2023,2,1
2023-02-01,Morona Santiago,14,18,1,64,1,2,2023,2,1
2023-02-01,Napo,12,10,0,67,6,2,2023,2,1
2023-02-01,Pastaza,19,22,0,70,1,0,2023,2,1
2023-02-01,Pichincha,18,21,2,127,5,0,2023,2,1
2023-02-01,Tungurahua,15,19,1,78,2,1,2023,2,1
2023-02-01,Zamora Chinchipe,13,16,1,57,1,0,2023,2,1
2023-02-01,Galápagos,8,20,0,60,2,0,2023,2,1
2023-02-01,Sucumbíos,11,14,0,64,3,1,2023,2,1
2023-02-01,Orellana,12,18,0,67,3,0,2023,2,1
2023-02-01,Santo Domingo de los Tsáchilas,33,40,2,157,9,0,2023,2,1
2023-02-01,Santa Elena,29,50,2,193,11,1,2023,2,1
2023-03-01,Azuay,15,18,2,59,1,0,2023,3,1
2023-03-01,Bolívar,17,24,1,60,10,0,2023,3,1
2023-03-01,Cañar,10,11,0,79,1,1,2023,3,1
2023-03-01,Carchi,10,14,1,61,8,0,2023,3,1
2023-03-01,Cotopaxi,9,16,1,54,1,0,2023,3,1
2023-03-01,Chimborazo,10,11,0,74,1,0,2023,3,1
2023-03-01,El Oro,34,31,1,157,6,1,2023,3,1
2023-03-01,Esmeraldas,38,71,4,277,13,1,2023,3,1
2023-03-01,Guayas,39,62,0,219,15,3,2023,3,1
2023-03-01,Imbabura,8,18,1,60,6,2,2023,3,1
2023-03-01,Loja,14,6,1,76,1,0,2023,3,1
2023-03-01,Los Ríos,38,44,2,217,14,2,2023,3,1
2023-03-01,Manabí,35,43,1,186,10,0,2023,3,1
2023-03-01,Morona Santiago,11,14,0,50,4,0,2023,3,1
2023-03-01,Napo,16,20,1,73,2,0,2023,3,1
2023-03-01,Pastaza,12,17,2,67,3,0,2023,3,1
2023-03-01,Pichincha,19,31,1,83,2,0,2023,3,1
2023-03-01,Tungurahua,19,10,0,58,3,0,2023,3,1
2023-03-01,Zamora Chinchipe,13,21,0,69,2,0,2023,3,1
2023-03-01,Galápagos,13,10,2,85,5,0,2023,3,1
2023-03-01,Sucumbíos,13,14,0,71,5,0,2023,3,1
2023-03-01,Orellana,12,14,0,55,4,2,2023,3,1
2023-03-01,Santo Domingo de los Tsáchilas,38,44,3,162,6,1,2023,3,1
2023-03-01,Santa Elena,35,60,3,191,9,0,2023,3,1
2023-04-01,Azuay,15,18,1,61,3,0,2023,4,2
2023-04-01,Bolívar,9,14,2,70,2,0,2023,4,2
2023-04-01,Cañar,8,19,0,70,4,0,2023,4,2
2023-04-01,Carchi,12,15,0,58,7,3,2023,4,2
2023-04-01,Cotopaxi,15,13,1,68,5,0,2023,4,2
2023-04-01,Chimborazo,11,17,1,64,2,0,2023,4,2
2023-04-01,El Oro,35,41,4,141,2,1,2023,4,2
2023-04-01,Esmeraldas,50,62,2,270,13,1,2023,4,2
2023-04-01,Guayas,40,67,1,213,8,1,2023,4,2
2023-04-01,Imbabura,7,18,1,68,3,0,2023,4,2
2023-04-01,Loja,6,22,1,66,2,0,2023,4,2
2023-04-01,Los Ríos,42,54,4,209,10,0,2023,4,2
2023-04-01,Manabí,33,38,2,186,7,1,2023,4,2
2023-04-01,Morona Santiago,18,25,0,66,4,0,2023,4,2
2023-04-01,Napo,12,15,0,60,2,1,2023,4,2
2023-04-01,Pastaza,17,9,0,66,3,1,2023,4,2
2023-04-01,Pichincha,18,35,0,120,6,0,2023,4,2
2023-04-01,Tungurahua,12,13,0,66,1,0,2023,4,2
2023-04-01,Zamora Chinchipe,17,9,1,61,3,0,2023,4,2
2023-04-01,Galápagos,14,17,0,71,3,0,2023,4,2
2023-04-01,Sucumbíos,8,15,1,68,2,1,2023,4,2
2023-04-01,Orellana,12,9,1,67,4,0,2023,4,2
2023-04-01,Santo Domingo de los Tsáchilas,47,51,2,189,13,1,2023,4,2
2023-04-01,Santa Elena,44,63,2,193,4,0,2023,4,2
2023-05-01,Azuay,12,14,2,62,3,0,2023,5,2
2023-05-01,Bolívar,7,14,0,67,1,0,2023,5,2
2023-05-01,Cañar,8,16,2,79,5,0,2023,5,2
2023-05-01,Carchi,14,19,1,60,1,0,2023,5,2
2023-05-01,Cotopaxi,16,16,0,61,6,0,2023,5,2
2023-05-01,Chimborazo,14,16,1,65,4,0,2023,5,2
2023-05-01,El Oro,23,26,2,146,11,0,2023,5,2
2023-05-01,Esmeraldas,62,67,1,239,7,1,2023,5,2
2023-05-01,Guayas,37,53,4,233,9,2,2023,5,2
2023-05-01,Imbabura,13,11,0,63,5,0,2023,5,2
2023-05-01,Loja,12,16,0,57,3,0,2023,5,2
2023-05-01,Los Ríos,43,44,2,208,10,0,2023,5,2
2023-05-01,Manabí,35,43,3,167,4,0,2023,5,2
2023-05-01,Morona Santiago,11,17,0,50,1,1,2023,5,2
2023-05-01,Napo,19,15,1,79,4,0,2023,5,2
2023-05-01,Pastaza,9,14,2,65,2,0,2023,5,2
2023-05-01,Pichincha,18,23,3,105,4,3,2023,5,2
2023-05-01,Tungurahua,8,21,0,65,4,0,2023,5,2
2023-05-01,Zamora Chinchipe,11,18,2,67,3,1,2023,5,2
2023-05-01,Galápagos,14,15,0,66,7,1,2023,5,2
2023-05-01,Sucumbíos,3,14,0,63,2,0,2023,5,2
2023-05-01,Orellana,13,14,0,72,0,2,2023,5,2
2023-05-01,Santo Domingo de los Tsáchilas,31,38,2,186,9,2,2023,5,2
2023-05-01,Santa Elena,33,35,1,172,9,1,2023,5,2
2023-06-01,Azuay,13,19,1,82,3,0,2023,6,2
2023-06-01,Bolívar,15,13,1,64,3,0,2023,6,2
2023-06-01,Cañar,16,12,0,65,2,0,2023,6,2
2023-06-01,Carchi,13,17,0,65,3,0,2023,6,2
2023-06-01,Cotopaxi,17,16,0,73,2,0,2023,6,2
2023-06-01,Chimborazo,14,19,0,57,3,1,2023,6,2
2023-06-01,El Oro,29,32,0,132,8,0,2023,6,2
2023-06-01,Esmeraldas,35,74,4,264,5,2,2023,6,2
2023-06-01,Guayas,46,68,3,219,9,0,2023,6,2
2023-06-01,Imbabura,7,16,0,54,4,0,2023,6,2
2023-06-01,Loja,11,9,0,65,5,1,2023,6,2
2023-06-01,Los Ríos,45,49,1,173,9,2,2023,6,2
2023-06-01,Manabí,25,39,0,150,8,0,2023,6,2
2023-06-01,Morona Santiago,8,16,2,69,3,0,2023,6,2
2023-06-01,Napo,10,9,0,59,2,1,2023,6,2
2023-06-01,Pastaza,8,10,0,51,4,0,2023,6,2
2023-06-01,Pichincha,20,26,0,112,6,1,2023,6,2
2023-06-01,Tungurahua,18,19,2,54,4,0,2023,6,2
2023-06-01,Zamora Chinchipe,17,14,1,65,0,1,2023,6,2
2023-06-01,Galápagos,13,18,0,79,3,0,2023,6,2
2023-06-01,Sucumbíos,16,14,0,58,3,0,2023,6,2
2023-06-01,Orellana,12,15,1,64,5,0,2023,6,2
2023-06-01,Santo Domingo de los Tsáchilas,24,43,2,172,8,0,2023,6,2
2023-06-01,Santa Elena,38,48,3,176,8,1,2023,6,2
2023-07-01,Azuay,10,19,0,71,1,0,2023,7,3
2023-07-01,Bolívar,14,24,0,64,5,0,2023,7,3
2023-07-01,Cañar,5,17,0,49,4,1,2023,7,3
2023-07-01,Carchi,15,10,0,68,4,0,2023,7,3
2023-07-01,Cotopaxi,12,11,2,60,2,0,2023,7,3
2023-07-01,Chimborazo,6,14,1,56,4,0,2023,7,3
2023-07-01,El Oro,20,41,3,134,5,1,2023,7,3
2023-07-01,Esmeraldas,49,70,1,265,14,3,2023,7,3
2023-07-01,Guayas,36,67,3,222,9,1,2023,7,3
2023-07-01,Imbabura,10,17,1,52,3,0,2023,7,3
2023-07-01,Loja,10,10,1,59,2,0,2023,7,3
2023-07-01,Los Ríos,28,41,4,164,6,0,2023,7,3
2023-07-01,Manabí,31,40,1,153,5,0,2023,7,3
2023-07-01,Morona Santiago,11,23,1,47,3,0,2023,7,3
2023-07-01,Napo,17,20,0,67,5,0,2023,7,3
2023-07-01,Pastaza,18,11,1,56,1,0,2023,7,3
2023-07-01,Pichincha,19,22,0,73,4,0,2023,7,3
2023-07-01,Tungurahua,10,8,0,62,3,0,2023,7,3
2023-07-01,Zamora Chinchipe,11,16,0,57,3,0,2023,7,3
2023-07-01,Galápagos,6,14,0,51,1,1,2023,7,3
2023-07-01,Sucumbíos,11,17,0,54,1,0,2023,7,3
2023-07-01,Orellana,8,14,1,60,3,0,2023,7,3
2023-07-01,Santo Domingo de los Tsáchilas,26,35,4,145,12,2,2023,7,3
2023-07-01,Santa Elena,29,48,1,169,9,2,2023,7,3
2023-08-01,Azuay,15,20,1,60,2,1,2023,8,3
2023-08-01,Bolívar,8,15,2,61,2,0,2023,8,3
2023-08-01,Cañar,14,8,0,57,5,0,2023,8,3
2023-08-01,Carchi,10,20,1,65,4,0,2023,8,3
2023-08-01,Cotopaxi,5,14,1,51,0,0,2023,8,3
2023-08-01,Chimborazo,12,12,2,61,2,0,2023,8,3
2023-08-01,El Oro,31,30,0,121,6,1,2023,8,3
2023-08-01,Esmeraldas,41,69,1,258,12,1,2023,8,3
2023-08-01,Guayas,52,41,1,202,13,0,2023,8,3
2023-08-01,Imbabura,8,18,0,56,3,1,2023,8,3
2023-08-01,Loja,8,15,0,52,2,2,2023,8,3
2023-08-01,Los Ríos,38,39,3,178,10,0,2023,8,3
2023-08-01,Manabí,20,43,1,138,8,0,2023,8,3
2023-08-01,Morona Santiago,12,15,2,53,4,1,2023,8,3
2023-08-01,Napo,6,16,0,48,1,1,2023,8,3
2023-08-01,Pastaza,8,12,1,54,4,0,2023,8,3
2023-08-01,Pichincha,11,24,1,89,3,1,2023,8,3
2023-08-01,Tungurahua,9,13,0,57,1,0,2023,8,3
2023-08-01,Zamora Chinchipe,9,12,0,63,3,0,2023,8,3
2023-08-01,Galápagos,12,9,2,55,4,0,2023,8,3
2023-08-01,Sucumbíos,17,12,2,58,5,0,2023,8,3
2023-08-01,Orellana,9,17,1,56,5,0,2023,8,3
2023-08-01,Santo Domingo de los Tsáchilas,34,49,3,147,10,0,2023,8,3
2023-08-01,Santa Elena,31,52,5,167,6,1,2023,8,3
2023-09-01,Azuay,11,11,0,54,2,0,2023,9,3
2023-09-01,Bolívar,8,16,3,53,4,0,2023,9,3
2023-09-01,Cañar,8,16,0,67,4,1,2023,9,3
2023-09-01,Carchi,12,13,2,47,4,0,2023,9,3
2023-09-01,Cotopaxi,9,15,1,54,2,1,2023,9,3
2023-09-01,Chimborazo,7,8,0,55,2,0,2023,9,3
2023-09-01,El Oro,23,29,3,129,8,1,2023,9,3
2023-09-01,Esmeraldas,42,58,6,235,14,3,2023,9,3
2023-09-01,Guayas,28,51,2,208,13,1,2023,9,3
2023-09-01,Imbabura,9,10,0,60,4,0,2023,9,3
2023-09-01,Loja,15,13,0,62,2,0,2023,9,3
2023-09-01,Los Ríos,27,49,0,181,11,1,2023,9,3
2023-09-01,Manabí,29,31,0,158,7,1,2023,9,3
2023-09-01,Morona Santiago,6,13,1,48,3,1,2023,9,3
2023-09-01,Napo,13,12,0,52,2,1,2023,9,3
2023-09-01,Pastaza,9,17,0,65,1,1,2023,9,3
2023-09-01,Pichincha,13,27,1,92,4,0,2023,9,3
2023-09-01,Tungurahua,12,15,0,56,2,0,2023,9,3
2023-09-01,Zamora Chinchipe,9,17,0,55,5,1,2023,9,3
2023-09-01,Galápagos,12,18,0,64,2,0,2023,9,3
2023-09-01,Sucumbíos,11,13,0,61,0,0,2023,9,3
2023-09-01,Orellana,2,18,1,51,2,0,2023,9,3
2023-09-01,Santo Domingo de los Tsáchilas,19,29,2,143,8,0,2023,9,3
2023-09-01,Santa Elena,25,46,3,156,3,0,2023,9,3
2023-10-01,Azuay,15,17,0,57,1,1,2023,10,4
2023-10-01,Bolívar,16,14,3,49,6,1,2023,10,4
2023-10-01,Cañar,13,12,2,66,2,0,2023,10,4
2023-10-01,Carchi,10,12,0,61,1,0,2023,10,4
2023-10-01,Cotopaxi,12,13,1,49,4,0,2023,10,4
2023-10-01,Chimborazo,9,16,1,65,3,0,2023,10,4
2023-10-01,El Oro,31,33,0,141,9,1,2023,10,4
2023-10-01,Esmeraldas,30,51,4,232,10,3,2023,10,4
2023-10-01,Guayas,31,57,4,218,14,0,2023,10,4
2023-10-01,Imbabura,12,13,0,56,7,0,2023,10,4
2023-10-01,Loja,11,18,2,55,4,0,2023,10,4
2023-10-01,Los Ríos,33,44,2,171,9,1,2023,10,4
2023-10-01,Manabí,26,31,2,145,4,2,2023,10,4
2023-10-01,Morona Santiago,12,7,0,64,5,0,2023,10,4
2023-10-01,Napo,12,5,0,44,2,0,2023,10,4
2023-10-01,Pastaza,6,13,0,57,0,1,2023,10,4
2023-10-01,Pichincha,28,16,1,95,3,0,2023,10,4
2023-10-01,Tungurahua,12,13,1,54,3,0,2023,10,4
2023-10-01,Zamora Chinchipe,4,13,0,64,2,1,2023,10,4
2023-10-01,Galápagos,5,17,1,62,1,0,2023,10,4
2023-10-01,Sucumbíos,18,17,0,48,3,1,2023,10,4
2023-10-01,Orellana,7,12,0,57,2,0,2023,10,4
2023-10-01,Santo Domingo de los Tsáchilas,24,43,3,155,8,1,2023,10,4
2023-10-01,Santa Elena,35,44,0,133,10,0,2023,10,4
2023-11-01,Azuay,5,19,1,59,1,0,2023,11,4
2023-11-01,Bolívar,12,12,3,57,5,0,2023,11,4
2023-11-01,Cañar,12,16,1,66,4,0,2023,11,4
2023-11-01,Carchi,9,15,1,66,2,0,2023,11,4
2023-11-01,Cotopaxi,4,19,2,64,3,0,2023,11,4
2023-11-01,Chimborazo,6,19,0,66,3,0,2023,11,4
2023-11-01,El Oro,22,36,0,141,5,1,2023,11,4
2023-11-01,Esmeraldas,38,67,0,229,15,2,2023,11,4
2023-11-01,Guayas,42,63,1,226,9,1,2023,11,4
2023-11-01,Imbabura,6,19,0,55,0,0,2023,11,4
2023-11-01,Loja,9,9,0,70,3,0,2023,11,4
2023-11-01,Los Ríos,34,40,3,212,8,1,2023,11,4
2023-11-01,Manabí,32,33,0,160,7,0,2023,11,4
2023-11-01,Morona Santiago,8,16,1,38,4,0,2023,11,4
2023-11-01,Napo,14,22,2,72,3,0,2023,11,4
2023-11-01,Pastaza,11,14,0,53,2,0,2023,11,4
2023-11-01,Pichincha,14,26,1,87,2,0,2023,11,4
2023-11-01,Tungurahua,13,8,1,57,0,0,2023,11,4
2023-11-01,Zamora Chinchipe,7,24,0,65,4,1,2023,11,4
2023-11-01,Galápagos,6,13,0,65,1,0,2023,11,4
2023-11-01,Sucumbíos,4,13,1,54,1,0,2023,11,4
2023-11-01,Orellana,12,12,0,63,3,0,2023,11,4
2023-11-01,Santo Domingo de los Tsáchilas,29,39,0,161,5,2,2023,11,4
2023-11-01,Santa Elena,29,45,4,178,6,0,2023,11,4
2023-12-01,Azuay,12,20,0,51,4,0,2023,12,4
2023-12-01,Bolívar,3,14,0,70,4,0,2023,12,4
2023-12-01,Cañar,17,9,0,62,3,0,2023,12,4
2023-12-01,Carchi,10,20,1,58,4,0,2023,12,4
2023-12-01,Cotopaxi,13,15,0,59,2,0,2023,12,4
2023-12-01,Chimborazo,11,22,1,63,4,0,2023,12,4
2023-12-01,El Oro,29,39,1,131,4,0,2023,12,4
2023-12-01,Esmeraldas,53,67,0,255,16,0,2023,12,4
2023-12-01,Guayas,49,62,1,204,8,3,2023,12,4
2023-12-01,Imbabura,10,22,1,66,4,0,2023,12,4
2023-12-01,Loja,16,18,0,53,3,0,2023,12,4
2023-12-01,Los Ríos,35,61,4,178,8,1,2023,12,4
2023-12-01,Manabí,34,36,0,153,8,0,2023,12,4
2023-12-01,Morona Santiago,15,16,2,66,1,0,2023,12,4
2023-12-01,Napo,16,14,1,61,5,1,2023,12,4
2023-12-01,Pastaza,8,18,0,74,2,0,2023,12,4
2023-12-01,Pichincha,18,19,0,99,4,0,2023,12,4
2023-12-01,Tungurahua,11,16,2,69,5,1,2023,12,4
2023-12-01,Zamora Chinchipe,10,13,1,70,3,0,2023,12,4
2023-12-01,Galápagos,16,19,0,50,3,0,2023,12,4
2023-12-01,Sucumbíos,10,14,3,61,4,0,2023,12,4
2023-12-01,Orellana,9,14,2,59,3,0,2023,12,4
2023-12-01,Santo Domingo de los Tsáchilas,30,45,1,153,8,1,2023,12,4
2023-12-01,Santa Elena,25,38,0,156,10,1,2023,12,4
2024-01-01,Azuay,14,18,1,77,2,1,2024,1,1
2024-01-01,Bolívar,8,13,1,55,2,0,2024,1,1
2024-01-01,Cañar,11,13,1,67,6,0,2024,1,1
2024-01-01,Carchi,13,11,0,61,4,0,2024,1,1
2024-01-01,Cotopaxi,4,15,0,72,2,1,2024,1,1
2024-01-01,Chimborazo,12,19,0,53,1,0,2024,1,1
2024-01-01,El Oro,33,33,0,153,6,2,2024,1,1
2024-01-01,Esmeraldas,42,63,2,257,14,1,2024,1,1
2024-01-01,Guayas,33,53,4,222,9,0,2024,1,1
2024-01-01,Imbabura,7,14,0,58,2,0,2024,1,1
2024-01-01,Loja,11,13,1,56,3,1,2024,1,1
2024-01-01,Los Ríos,60,57,1,200,7,1,2024,1,1
2024-01-01,Manabí,31,36,1,166,7,2,2024,1,1
2024-01-01,Morona Santiago,9,12,0,68,2,0,2024,1,1
2024-01-01,Napo,11,18,1,67,4,0,2024,1,1
2024-01-01,Pastaza,8,14,2,72,5,0,2024,1,1
2024-01-01,Pichincha,16,24,3,98,5,0,2024,1,1
2024-01-01,Tungurahua,14,15,1,79,3,0,2024,1,1
2024-01-01,Zamora Chinchipe,19,17,1,59,5,0,2024,1,1
2024-01-01,Galápagos,13,16,0,60,2,0,2024,1,1
2024-01-01,Sucumbíos,13,19,0,58,0,1,2024,1,1
2024-01-01,Orellana,6,11,0,67,3,0,2024,1,1
2024-01-01,Santo Domingo de los Tsáchilas,28,52,3,169,12,0,2024,1,1
2024-01-01,Santa Elena,34,36,4,192,11,0,2024,1,1
2024-02-01,Azuay,14,16,0,60,4,0,2024,2,1
2024-02-01,Bolívar,15,12,1,52,3,0,2024,2,1
2024-02-01,Cañar,9,18,1,71,4,0,2024,2,1
2024-02-01,Carchi,13,13,0,58,5,0,2024,2,1
2024-02-01,Cotopaxi,10,14,2,59,2,0,2024,2,1
2024-02-01,Chimborazo,11,20,0,68,3,1,2024,2,1
2024-02-01,El Oro,18,46,4,138,5,1,2024,2,1
2024-02-01,Esmeraldas,53,65,1,280,13,1,2024,2,1
2024-02-01,Guayas,52,57,4,246,13,2,2024,2,1
2024-02-01,Imbabura,17,12,2,71,1,2,2024,2,1
2024-02-01,Loja,16,21,1,53,6,1,2024,2,1
2024-02-01,Los Ríos,42,64,2,189,9,0,2024,2,1
2024-02-01,Manabí,34,51,3,183,11,2,2024,2,1
2024-02-01,Morona Santiago,10,29,1,60,4,1,2024,2,1
2024-02-01,Napo,13,16,1,67,2,0,2024,2,1
2024-02-01,Pastaza,8,17,3,61,2,0,2024,2,1
2024-02-01,Pichincha,15,31,1,113,4,0,2024,2,1
2024-02-01,Tungurahua,8,14,0,67,4,0,2024,2,1
2024-02-01,Zamora Chinchipe,9,14,1,68,4,0,2024,2,1
2024-02-01,Galápagos,11,11,0,59,3,1,2024,2,1
2024-02-01,Sucumbíos,11,14,1,81,1,0,2024,2,1
2024-02-01,Orellana,17,22,0,64,7,0,2024,2,1
2024-02-01,Santo Domingo de los Tsáchilas,29,71,2,194,12,1,2024,2,1
2024-02-01,Santa Elena,35,59,2,194,7,0,2024,2,1
2024-03-01,Azuay,16,19,2,81,3,0,2024,3,1
2024-03-01,Bolívar,12,20,0,65,1,0,2024,3,1
2024-03-01,Cañar,11,21,4,70,6,1,2024,3,1
2024-03-01,Carchi,9,20,0,72,3,0,2024,3,1
2024-03-01,Cotopaxi,13,14,3,67,0,0,2024,3,1
2024-03-01,Chimborazo,17,16,0,51,7,1,2024,3,1
2024-03-01,El Oro,23,41,2,152,7,0,2024,3,1
2024-03-01,Esmeraldas,40,70,3,295,9,4,2024,3,1
2024-03-01,Guayas,46,79,3,215,13,2,2024,3,1
2024-03-01,Imbabura,9,11,1,61,2,0,2024,3,1
2024-03-01,Loja,11,17,0,72,0,2,2024,3,1
2024-03-01,Los Ríos,39,46,1,195,9,2,2024,3,1
2024-03-01,Manabí,40,40,1,173,11,0,2024,3,1
2024-03-01,Morona Santiago,9,14,2,69,3,0,2024,3,1
2024-03-01,Napo,9,17,2,74,1,0,2024,3,1
2024-03-01,Pastaza,11,16,1,69,2,1,2024,3,1
2024-03-01,Pichincha,18,25,0,107,10,0,2024,3,1
2024-03-01,Tungurahua,14,12,0,74,3,0,2024,3,1
2024-03-01,Zamora Chinchipe,20,25,0,60,8,0,2024,3,1
2024-03-01,Galápagos,17,22,2,83,5,0,2024,3,1
2024-03-01,Sucumbíos,7,19,0,64,4,0,2024,3,1
2024-03-01,Orellana,16,16,0,70,2,0,2024,3,1
2024-03-01,Santo Domingo de los Tsáchilas,22,45,1,189,10,0,2024,3,1
2024-03-01,Santa Elena,28,44,0,165,9,1,2024,3,1
2024-04-01,Azuay,7,15,1,75,4,0,2024,4,2
2024-04-01,Bolívar,11,13,0,73,3,0,2024,4,2
2024-04-01,Cañar,14,23,0,60,2,0,2024,4,2
2024-04-01,Carchi,4,21,0,75,1,0,2024,4,2
2024-04-01,Cotopaxi,8,14,1,61,1,0,2024,4,2
2024-04-01,Chimborazo,14,15,1,70,1,0,2024,4,2
2024-04-01,El Oro,27,40,1,148,9,1,2024,4,2
2024-04-01,Esmeraldas,47,71,2,262,14,2,2024,4,2
2024-04-01,Guayas,43,65,1,258,10,0,2024,4,2
2024-04-01,Imbabura,5,11,1,71,5,0,2024,4,2
2024-04-01,Loja,14,14,0,88,1,0,2024,4,2
2024-04-01,Los Ríos,30,64,1,206,8,0,2024,4,2
2024-04-01,Manabí,39,57,1,181,8,0,2024,4,2
2024-04-01,Morona Santiago,13,17,1,66,1,1,2024,4,2
2024-04-01,Napo,13,21,0,71,4,0,2024,4,2
2024-04-01,Pastaza,9,19,1,64,6,0,2024,4,2
2024-04-01,Pichincha,19,23,2,120,4,0,2024,4,2
2024-04-01,Tungurahua,11,18,0,67,4,0,2024,4,2
2024-04-01,Zamora Chinchipe,13,8,2,65,3,0,2024,4,2
2024-04-01,Galápagos,10,17,1,67,7,2,2024,4,2
2024-04-01,Sucumbíos,15,14,1,71,6,0,2024,4,2
2024-04-01,Orellana,11,18,2,72,4,0,2024,4,2
2024-04-01,Santo Domingo de los Tsáchilas,29,37,1,180,11,0,2024,4,2
2024-04-01,Santa Elena,27,50,3,187,7,1,2024,4,2
2024-05-01,Azuay,11,11,0,59,1,2,2024,5,2
2024-05-01,Bolívar,13,19,0,68,2,0,2024,5,2
2024-05-01,Cañar,11,15,0,67,3,2,2024,5,2
2024-05-01,Carchi,15,13,0,68,4,0,2024,5,2
2024-05-01,Cotopaxi,9,25,1,50,3,0,2024,5,2
2024-05-01,Chimborazo,10,23,2,74,2,1,2024,5,2
2024-05-01,El Oro,21,38,1,149,13,1,2024,5,2
2024-05-01,Esmeraldas,49,71,4,241,13,0,2024,5,2
2024-05-01,Guayas,45,68,1,197,10,2,2024,5,2
2024-05-01,Imbabura,12,16,2,63,3,1,2024,5,2
2024-05-01,Loja,15,13,1,69,5,0,2024,5,2
2024-05-01,Los Ríos,27,51,3,192,19,1,2024,5,2
2024-05-01,Manabí,28,49,2,178,9,0,2024,5,2
2024-05-01,Morona Santiago,8,19,1,62,4,0,2024,5,2
2024-05-01,Napo,10,13,0,61,3,0,2024,5,2
2024-05-01,Pastaza,10,20,0,65,1,0,2024,5,2
2024-05-01,Pichincha,10,22,1,94,2,1,2024,5,2
2024-05-01,Tungurahua,10,13,2,68,2,0,2024,5,2
2024-05-01,Zamora Chinchipe,14,20,0,63,2,0,2024,5,2
2024-05-01,Galápagos,16,23,0,73,3,1,2024,5,2
2024-05-01,Sucumbíos,14,13,0,56,2,0,2024,5,2
2024-05-01,Orellana,14,18,1,67,5,0,2024,5,2
2024-05-01,Santo Domingo de los Tsáchilas,43,58,3,173,10,2,2024,5,2
2024-05-01,Santa Elena,32,53,1,208,3,1,2024,5,2
2024-06-01,Azuay,4,20,0,61,3,0,2024,6,2
2024-06-01,Bolívar,14,17,0,72,3,0,2024,6,2
2024-06-01,Cañar,9,19,0,69,3,1,2024,6,2
2024-06-01,Carchi,13,20,1,61,4,0,2024,6,2
2024-06-01,Cotopaxi,13,25,0,67,3,0,2024,6,2
2024-06-01,Chimborazo,13,28,0,49,3,1,2024,6,2
2024-06-01,El Oro,35,55,2,146,5,0,2024,6,2
2024-06-01,Esmeraldas,42,53,3,239,11,3,2024,6,2
2024-06-01,Guayas,33,58,2,213,13,2,2024,6,2
2024-06-01,Imbabura,8,12,0,62,1,0,2024,6,2
2024-06-01,Loja,6,11,0,51,3,1,2024,6,2
2024-06-01,Los Ríos,42,57,0,189,14,0,2024,6,2
2024-06-01,Manabí,26,34,2,150,7,1,2024,6,2
2024-06-01,Morona Santiago,12,15,0,65,2,0,2024,6,2
2024-06-01,Napo,7,14,0,69,3,0,2024,6,2
2024-06-01,Pastaza,15,15,2,66,3,0,2024,6,2
2024-06-01,Pichincha,19,12,0,91,5,1,2024,6,2
2024-06-01,Tungurahua,16,18,1,64,2,0,2024,6,2
2024-06-01,Zamora Chinchipe,20,22,0,66,2,1,2024,6,2
2024-06-01,Galápagos,12,11,1,57,3,0,2024,6,2
2024-06-01,Sucumbíos,10,22,1,72,1,0,2024,6,2
2024-06-01,Orellana,10,20,0,72,3,3,2024,6,2
2024-06-01,Santo Domingo de los Tsáchilas,38,42,0,159,10,1,2024,6,2
2024-06-01,Santa Elena,30,57,2,170,9,0,2024,6,2
2024-07-01,Azuay,13,16,1,74,3,0,2024,7,3
2024-07-01,Bolívar,8,18,0,49,2,0,2024,7,3
2024-07-01,Cañar,7,9,2,69,4,1,2024,7,3
2024-07-01,Carchi,7,11,1,55,6,0,2024,7,3
2024-07-01,Cotopaxi,12,17,0,70,1,0,2024,7,3
2024-07-01,Chimborazo,12,11,1,50,5,0,2024,7,3
2024-07-01,El Oro,31,38,0,148,5,0,2024,7,3
2024-07-01,Esmeraldas,48,64,0,245,16,2,2024,7,3
2024-07-01,Guayas,37,68,1,197,13,0,2024,7,3
2024-07-01,Imbabura,6,22,0,56,4,0,2024,7,3
2024-07-01,Loja,14,15,1,51,4,0,2024,7,3
2024-07-01,Los Ríos,33,53,0,181,8,0,2024,7,3
2024-07-01,Manabí,28,40,1,150,6,0,2024,7,3
2024-07-01,Morona Santiago,11,13,0,61,0,0,2024,7,3
2024-07-01,Napo,7,14,0,68,2,0,2024,7,3
2024-07-01,Pastaza,14,18,4,66,3,0,2024,7,3
2024-07-01,Pichincha,18,29,0,94,5,0,2024,7,3
2024-07-01,Tungurahua,7,12,2,63,0,0,2024,7,3
2024-07-01,Zamora Chinchipe,12,20,0,60,5,0,2024,7,3
2024-07-01,Galápagos,16,8,1,64,2,0,2024,7,3
2024-07-01,Sucumbíos,6,9,0,55,2,0,2024,7,3
2024-07-01,Orellana,15,21,0,54,2,0,2024,7,3
2024-07-01,Santo Domingo de los Tsáchilas,26,39,1,196,8,1,2024,7,3
2024-07-01,Santa Elena,27,46,2,157,9,2,2024,7,3
2024-08-01,Azuay,8,11,0,52,5,0,2024,8,3
2024-08-01,Bolívar,12,19,0,61,1,1,2024,8,3
2024-08-01,Cañar,3,14,0,71,2,1,2024,8,3
2024-08-01,Carchi,14,13,0,58,3,0,2024,8,3
2024-08-01,Cotopaxi,7,20,0,65,0,0,2024,8,3
2024-08-01,Chimborazo,8,21,1,45,3,1,2024,8,3
2024-08-01,El Oro,25,31,0,141,9,0,2024,8,3
2024-08-01,Esmeraldas,47,62,3,236,7,1,2024,8,3
2024-08-01,Guayas,47,50,0,220,16,1,2024,8,3
2024-08-01,Imbabura,8,14,1,65,3,0,2024,8,3
2024-08-01,Loja,8,7,0,62,1,0,2024,8,3
2024-08-01,Los Ríos,32,51,1,173,14,3,2024,8,3
2024-08-01,Manabí,21,44,4,159,8,0,2024,8,3
2024-08-01,Morona Santiago,13,14,1,57,0,0,2024,8,3
2024-08-01,Napo,11,20,0,66,4,0,2024,8,3
2024-08-01,Pastaza,9,15,0,54,2,0,2024,8,3
2024-08-01,Pichincha,20,13,1,88,4,1,2024,8,3
2024-08-01,Tungurahua,9,11,2,46,1,0,2024,8,3
2024-08-01,Zamora Chinchipe,10,18,0,73,0,1,2024,8,3
2024-08-01,Galápagos,14,16,1,67,0,0,2024,8,3
2024-08-01,Sucumbíos,9,9,0,68,5,1,2024,8,3
2024-08-01,Orellana,16,21,1,57,4,1,2024,8,3
2024-08-01,Santo Domingo de los Tsáchilas,24,33,2,153,9,3,2024,8,3
2024-08-01,Santa Elena,38,43,1,169,10,1,2024,8,3
2024-09-01,Azuay,10,12,1,66,3,0,2024,9,3
2024-09-01,Bolívar,14,20,2,59,4,1,2024,9,3
2024-09-01,Cañar,14,13,1,38,5,1,2024,9,3
2024-09-01,Carchi,16,16,1,50,0,2,2024,9,3
2024-09-01,Cotopaxi,6,12,0,41,3,1,2024,9,3
2024-09-01,Chimborazo,14,14,0,55,2,1,2024,9,3
2024-09-01,El Oro,20,38,3,128,14,0,2024,9,3
2024-09-01,Esmeraldas,36,58,1,200,11,0,2024,9,3
2024-09-01,Guayas,36,49,2,200,16,2,2024,9,3
2024-09-01,Imbabura,17,12,1,61,4,0,2024,9,3
2024-09-01,Loja,7,10,0,58,2,0,2024,9,3
2024-09-01,Los Ríos,26,49,3,171,14,1,2024,9,3
2024-09-01,Manabí,34,31,3,133,7,0,2024,9,3
2024-09-01,Morona Santiago,9,16,2,63,2,0,2024,9,3
2024-09-01,Napo,7,15,0,60,3,1,2024,9,3
2024-09-01,Pastaza,8,21,1,45,2,0,2024,9,3
2024-09-01,Pichincha,14,26,2,85,5,2,2024,9,3
2024-09-01,Tungurahua,6,15,0,46,2,0,2024,9,3
2024-09-01,Zamora Chinchipe,6,16,1,48,4,0,2024,9,3
2024-09-01,Galápagos,11,15,2,66,4,1,2024,9,3
2024-09-01,Sucumbíos,5,17,1,51,3,0,2024,9,3
2024-09-01,Orellana,4,14,0,53,1,0,2024,9,3
2024-09-01,Santo Domingo de los Tsáchilas,33,37,2,144,9,0,2024,9,3
2024-09-01,Santa Elena,39,48,3,169,13,1,2024,9,3
2024-10-01,Azuay,8,15,0,66,2,0,2024,10,4
2024-10-01,Bolívar,19,18,0,68,4,0,2024,10,4
2024-10-01,Cañar,14,14,1,64,5,0,2024,10,4
2024-10-01,Carchi,11,18,0,56,4,2,2024,10,4
2024-10-01,Cotopaxi,16,9,0,59,0,0,2024,10,4
2024-10-01,Chimborazo,10,6,2,52,5,1,2024,10,4
2024-10-01,El Oro,36,34,2,148,11,0,2024,10,4
2024-10-01,Esmeraldas,40,56,3,220,11,1,2024,10,4
2024-10-01,Guayas,40,64,1,204,14,1,2024,10,4
2024-10-01,Imbabura,16,14,1,69,4,0,2024,10,4
2024-10-01,Loja,6,9,0,56,5,0,2024,10,4
2024-10-01,Los Ríos,32,37,1,195,4,1,2024,10,4
2024-10-01,Manabí,26,40,1,167,4,2,2024,10,4
2024-10-01,Morona Santiago,10,13,1,65,2,0,2024,10,4
2024-10-01,Napo,6,19,1,69,2,0,2024,10,4
2024-10-01,Pastaza,12,14,1,51,4,2,2024,10,4
2024-10-01,Pichincha,15,28,0,98,7,0,2024,10,4
2024-10-01,Tungurahua,13,10,0,75,1,0,2024,10,4
2024-10-01,Zamora Chinchipe,11,12,0,59,1,1,2024,10,4
2024-10-01,Galápagos,13,12,0,58,4,0,2024,10,4
2024-10-01,Sucumbíos,12,20,1,64,2,0,2024,10,4
2024-10-01,Orellana,7,19,2,65,3,0,2024,10,4
2024-10-01,Santo Domingo de los Tsáchilas,32,46,2,155,6,3,2024,10,4
2024-10-01,Santa Elena,22,53,2,165,10,2,2024,10,4
2024-11-01,Azuay,13,21,0,56,2,0,2024,11,4
2024-11-01,Bolívar,18,16,0,65,3,1,2024,11,4
2024-11-01,Cañar,10,14,0,52,1,1,2024,11,4
2024-11-01,Carchi,10,17,0,65,2,0,2024,11,4
2024-11-01,Cotopaxi,12,12,0,49,4,0,2024,11,4
2024-11-01,Chimborazo,15,14,2,70,7,1,2024,11,4
2024-11-01,El Oro,18,37,1,141,14,1,2024,11,4
2024-11-01,Esmeraldas,51,54,0,227,17,4,2024,11,4
2024-11-01,Guayas,35,56,4,194,4,2,2024,11,4
2024-11-01,Imbabura,10,12,1,50,7,0,2024,11,4
2024-11-01,Loja,13,17,0,53,2,0,2024,11,4
2024-11-01,Los Ríos,35,40,2,183,8,3,2024,11,4
2024-11-01,Manabí,27,36,3,162,6,1,2024,11,4
2024-11-01,Morona Santiago,4,13,0,63,3,0,2024,11,4
2024-11-01,Napo,11,19,0,59,2,0,2024,11,4
2024-11-01,Pastaza,7,14,0,54,1,1,2024,11,4
2024-11-01,Pichincha,20,20,1,86,7,0,2024,11,4
2024-11-01,Tungurahua,13,16,0,78,4,0,2024,11,4
2024-11-01,Zamora Chinchipe,6,17,1,55,4,0,2024,11,4
2024-11-01,Galápagos,11,13,0,48,4,0,2024,11,4
2024-11-01,Sucumbíos,10,11,2,44,3,0,2024,11,4
2024-11-01,Orellana,16,17,0,63,3,0,2024,11,4
2024-11-01,Santo Domingo de los Tsáchilas,28,30,1,151,9,0,2024,11,4
2024-11-01,Santa Elena,34,48,2,154,11,0,2024,11,4
2024-12-01,Azuay,13,10,0,59,1,0,2024,12,4
2024-12-01,Bolívar,14,12,1,54,1,1,2024,12,4
2024-12-01,Cañar,14,14,0,72,1,0,2024,12,4
2024-12-01,Carchi,7,16,1,72,3,1,2024,12,4
2024-12-01,Cotopaxi,12,20,0,68,3,0,2024,12,4
2024-12-01,Chimborazo,14,16,1,50,2,2,2024,12,4
2024-12-01,El Oro,18,31,2,160,10,1,2024,12,4
2024-12-01,Esmeraldas,51,67,3,268,12,0,2024,12,4
2024-12-01,Guayas,33,60,6,227,11,1,2024,12,4
2024-12-01,Imbabura,15,20,1,66,5,0,2024,12,4
2024-12-01,Loja,9,12,1,70,2,1,2024,12,4
2024-12-01,Los Ríos,42,55,0,195,8,2,2024,12,4
2024-12-01,Manabí,29,41,1,187,9,1,2024,12,4
2024-12-01,Morona Santiago,5,15,0,67,2,1,2024,12,4
2024-12-01,Napo,10,14,1,70,2,1,2024,12,4
2024-12-01,Pastaza,9,17,0,60,1,1,2024,12,4
2024-12-01,Pichincha,19,34,0,89,4,1,2024,12,4
2024-12-01,Tungurahua,15,14,2,50,5,0,2024,12,4
2024-12-01,Zamora Chinchipe,9,28,2,55,4,1,2024,12,4
2024-12-01,Galápagos,9,11,0,83,4,0,2024,12,4
2024-12-01,Sucumbíos,15,10,1,68,4,0,2024,12,4
2024-12-01,Orellana,13,13,0,54,4,0,2024,12,4
2024-12-01,Santo Domingo de los Tsáchilas,33,46,2,175,9,0,2024,12,4
2024-12-01,Santa Elena,32,33,1,174,10,0,2024,12,4
2025-01-01,Azuay,11,16,1,57,2,0,2025,1,1
2025-01-01,Bolívar,16,20,0,49,3,1,2025,1,1
2025-01-01,Cañar,8,12,1,58,2,0,2025,1,1
2025-01-01,Carchi,7,16,0,67,3,0,2025,1,1
2025-01-01,Cotopaxi,9,17,2,60,2,1,2025,1,1
2025-01-01,Chimborazo,9,13,0,68,6,1,2025,1,1
2025-01-01,El Oro,22,27,1,163,13,1,2025,1,1
2025-01-01,Esmeraldas,48,67,0,235,19,2,2025,1,1
2025-01-01,Guayas,49,54,2,213,15,1,2025,1,1
2025-01-01,Imbabura,12,13,0,44,4,0,2025,1,1
2025-01-01,Loja,9,19,0,73,3,0,2025,1,1
2025-01-01,Los Ríos,28,55,4,162,7,4,2025,1,1
2025-01-01,Manabí,26,50,1,161,4,2,2025,1,1
2025-01-01,Morona Santiago,8,21,0,59,2,0,2025,1,1
2025-01-01,Napo,16,10,0,60,4,2,2025,1,1
2025-01-01,Pastaza,10,16,1,67,5,0,2025,1,1
2025-01-01,Pichincha,15,28,0,111,5,0,2025,1,1
2025-01-01,Tungurahua,11,20,1,64,3,1,2025,1,1
2025-01-01,Zamora Chinchipe,14,12,2,71,9,0,2025,1,1
2025-01-01,Galápagos,9,17,1,64,2,0,2025,1,1
2025-01-01,Sucumbíos,13,16,0,64,2,0,2025,1,1
2025-01-01,Orellana,11,18,0,59,3,0,2025,1,1
2025-01-01,Santo Domingo de los Tsáchilas,29,42,2,163,11,2,2025,1,1
2025-01-01,Santa Elena,45,41,1,204,14,0,2025,1,1
2025-02-01,Azuay,10,17,1,83,4,0,2025,2,1
2025-02-01,Bolívar,12,12,0,55,3,0,2025,2,1
2025-02-01,Cañar,5,18,3,49,0,1,2025,2,1
2025-02-01,Carchi,13,13,0,67,0,1,2025,2,1
2025-02-01,Cotopaxi,18,12,1,60,3,1,2025,2,1
2025-02-01,Chimborazo,13,17,1,73,1,0,2025,2,1
2025-02-01,El Oro,24,36,3,157,1,0,2025,2,1
2025-02-01,Esmeraldas,62,64,1,265,11,1,2025,2,1
2025-02-01,Guayas,55,58,3,264,13,0,2025,2,1
2025-02-01,Imbabura,15,19,1,59,2,1,2025,2,1
2025-02-01,Loja,13,15,1,72,2,0,2025,2,1
2025-02-01,Los Ríos,53,40,1,190,15,1,2025,2,1
2025-02-01,Manabí,32,46,2,163,4,1,2025,2,1
2025-02-01,Morona Santiago,15,12,1,79,2,0,2025,2,1
2025-02-01,Napo,13,12,0,60,4,0,2025,2,1
2025-02-01,Pastaza,9,14,1,71,2,1,2025,2,1
2025-02-01,Pichincha,17,32,0,100,12,2,2025,2,1
2025-02-01,Tungurahua,18,23,1,58,3,0,2025,2,1
2025-02-01,Zamora Chinchipe,17,16,0,95,3,0,2025,2,1
2025-02-01,Galápagos,7,17,0,76,5,1,2025,2,1
2025-02-01,Sucumbíos,12,16,0,67,3,0,2025,2,1
2025-02-01,Orellana,11,12,1,50,1,0,2025,2,1
2025-02-01,Santo Domingo de los Tsáchilas,44,49,0,182,9,0,2025,2,1
2025-02-01,Santa Elena,42,42,1,193,9,0,2025,2,1
2025-03-01,Azuay,11,15,0,70,1,0,2025,3,1
2025-03-01,Bolívar,12,19,1,61,4,2,2025,3,1
2025-03-01,Cañar,14,19,1,54,4,3,2025,3,1
2025-03-01,Carchi,16,12,1,56,4,0,2025,3,1
2025-03-01,Cotopaxi,8,18,2,58,3,0,2025,3,1
2025-03-01,Chimborazo,9,16,0,63,0,1,2025,3,1
2025-03-01,El Oro,25,38,0,149,11,0,2025,3,1
2025-03-01,Esmeraldas,52,69,2,274,12,2,2025,3,1
2025-03-01,Guayas,51,57,1,266,9,1,2025,3,1
2025-03-01,Imbabura,9,15,1,67,2,1,2025,3,1
2025-03-01,Loja,12,17,1,69,5,1,2025,3,1
2025-03-01,Los Ríos,46,61,4,209,11,0,2025,3,1
2025-03-01,Manabí,32,43,0,172,5,4,2025,3,1
2025-03-01,Morona Santiago,8,18,0,66,4,0,2025,3,1
2025-03-01,Napo,9,13,0,63,1,1,2025,3,1
2025-03-01,Pastaza,11,17,0,74,3,0,2025,3,1
2025-03-01,Pichincha,22,30,1,102,8,1,2025,3,1
2025-03-01,Tungurahua,11,14,1,68,4,0,2025,3,1
2025-03-01,Zamora Chinchipe,7,11,2,54,8,0,2025,3,1
2025-03-01,Galápagos,15,20,0,76,7,0,2025,3,1
2025-03-01,Sucumbíos,12,20,0,66,3,1,2025,3,1
2025-03-01,Orellana,10,7,0,68,3,0,2025,3,1
2025-03-01,Santo Domingo de los Tsáchilas,42,42,1,167,10,1,2025,3,1
2025-03-01,Santa Elena,21,44,2,189,8,1,2025,3,1
2025-04-01,Azuay,16,11,0,66,3,0,2025,4,2
2025-04-01,Bolívar,9,14,1,70,6,0,2025,4,2
2025-04-01,Cañar,11,18,1,54,3,0,2025,4,2
2025-04-01,Carchi,13,13,0,44,3,0,2025,4,2
2025-04-01,Cotopaxi,17,15,0,64,1,0,2025,4,2
2025-04-01,Chimborazo,11,18,1,73,1,1,2025,4,2
2025-04-01,El Oro,23,33,1,157,4,0,2025,4,2
2025-04-01,Esmeraldas,35,69,3,264,17,1,2025,4,2
2025-04-01,Guayas,49,44,5,242,10,1,2025,4,2
2025-04-01,Imbabura,10,14,0,69,7,1,2025,4,2
2025-04-01,Loja,11,15,0,79,4,0,2025,4,2
2025-04-01,Los Ríos,35,48,3,204,9,0,2025,4,2
2025-04-01,Manabí,26,49,2,136,4,2,2025,4,2
2025-04-01,Morona Santiago,9,13,0,66,4,0,2025,4,2
2025-04-01,Napo,15,17,2,73,2,0,2025,4,2
2025-04-01,Pastaza,12,12,0,72,4,0,2025,4,2
2025-04-01,Pichincha,16,22,0,105,7,0,2025,4,2
2025-04-01,Tungurahua,10,20,0,72,3,1,2025,4,2
2025-04-01,Zamora Chinchipe,12,12,0,65,6,0,2025,4,2
2025-04-01,Galápagos,8,15,1,75,8,2,2025,4,2
2025-04-01,Sucumbíos,9,17,1,68,4,0,2025,4,2
2025-04-01,Orellana,10,18,1,63,2,1,2025,4,2
2025-04-01,Santo Domingo de los Tsáchilas,31,38,0,163,3,3,2025,4,2
2025-04-01,Santa Elena,38,54,2,190,11,1,2025,4,2
2025-05-01,Azuay,15,16,0,50,1,1,2025,5,2
2025-05-01,Bolívar,8,9,0,79,2,0,2025,5,2
2025-05-01,Cañar,13,14,0,68,1,0,2025,5,2
2025-05-01,Carchi,14,9,1,71,4,0,2025,5,2
2025-05-01,Cotopaxi,8,17,0,65,3,0,2025,5,2
2025-05-01,Chimborazo,11,9,0,61,1,0,2025,5,2
2025-05-01,El Oro,25,34,1,144,5,0,2025,5,2
2025-05-01,Esmeraldas,45,63,3,268,17,1,2025,5,2
2025-05-01,Guayas,38,65,4,234,11,0,2025,5,2
2025-05-01,Imbabura,16,12,0,62,1,0,2025,5,2
2025-05-01,Loja,14,11,0,63,0,0,2025,5,2
2025-05-01,Los Ríos,42,47,4,197,9,0,2025,5,2
2025-05-01,Manabí,38,51,2,174,7,1,2025,5,2
2025-05-01,Morona Santiago,11,10,0,62,3,0,2025,5,2
2025-05-01,Napo,9,11,0,59,3,0,2025,5,2
2025-05-01,Pastaza,9,13,2,63,3,0,2025,5,2
2025-05-01,Pichincha,11,22,1,88,5,0,2025,5,2
2025-05-01,Tungurahua,10,15,1,69,4,0,2025,5,2
2025-05-01,Zamora Chinchipe,12,20,1,70,7,0,2025,5,2
2025-05-01,Galápagos,17,17,0,68,3,1,2025,5,2
2025-05-01,Sucumbíos,9,22,1,59,4,0,2025,5,2
2025-05-01,Orellana,4,18,0,75,2,0,2025,5,2
2025-05-01,Santo Domingo de los Tsáchilas,26,41,0,185,11,1,2025,5,2
2025-05-01,Santa Elena,32,45,0,164,10,1,2025,5,2
2025-06-01,Azuay,17,17,1,59,1,1,2025,6,2
2025-06-01,Bolívar,14,13,0,57,7,0,2025,6,2
2025-06-01,Cañar,18,12,1,47,2,0,2025,6,2
2025-06-01,Carchi,9,11,1,66,7,0,2025,6,2
2025-06-01,Cotopaxi,7,15,2,57,4,2,2025,6,2
2025-06-01,Chimborazo,11,21,0,58,2,0,2025,6,2
2025-06-01,El Oro,29,30,0,155,7,1,2025,6,2
2025-06-01,Esmeraldas,38,70,4,239,8,1,2025,6,2
2025-06-01,Guayas,43,46,1,232,11,1,2025,6,2
2025-06-01,Imbabura,11,19,0,55,0,0,2025,6,2
2025-06-01,Loja,10,11,1,83,3,0,2025,6,2
2025-06-01,Los Ríos,32,48,4,182,12,1,2025,6,2
2025-06-01,Manabí,30,41,0,141,11,1,2025,6,2
2025-06-01,Morona Santiago,15,17,1,69,2,0,2025,6,2
2025-06-01,Napo,10,17,1,54,3,0,2025,6,2
2025-06-01,Pastaza,10,13,0,62,2,0,2025,6,2
2025-06-01,Pichincha,18,24,0,85,7,0,2025,6,2
2025-06-01,Tungurahua,10,14,0,72,2,0,2025,6,2
2025-06-01,Zamora Chinchipe,17,17,1,51,6,0,2025,6,2
2025-06-01,Galápagos,10,17,0,67,3,0,2025,6,2
2025-06-01,Sucumbíos,13,16,2,58,1,0,2025,6,2
2025-06-01,Orellana,8,14,3,45,4,0,2025,6,2
2025-06-01,Santo Domingo de los Tsáchilas,33,55,0,152,6,1,2025,6,2
2025-06-01,Santa Elena,39,43,3,180,11,2,2025,6,2
2025-07-01,Azuay,15,17,0,54,5,0,2025,7,3
2025-07-01,Bolívar,10,16,0,58,2,0,2025,7,3
2025-07-01,Cañar,8,11,4,65,5,1,2025,7,3
2025-07-01,Carchi,11,11,0,57,2,0,2025,7,3
2025-07-01,Cotopaxi,8,12,0,57,4,0,2025,7,3
2025-07-01,Chimborazo,6,13,1,58,3,1,2025,7,3
2025-07-01,El Oro,19,37,1,134,6,1,2025,7,3
2025-07-01,Esmeraldas,51,51,2,245,16,0,2025,7,3
2025-07-01,Guayas,39,41,3,195,7,2,2025,7,3
2025-07-01,Imbabura,11,21,0,61,5,0,2025,7,3
2025-07-01,Loja,9,12,0,64,3,1,2025,7,3
2025-07-01,Los Ríos,36,51,3,168,10,0,2025,7,3
2025-07-01,Manabí,28,31,1,151,9,2,2025,7,3
2025-07-01,Morona Santiago,17,12,1,69,2,1,2025,7,3
2025-07-01,Napo,9,17,0,68,6,0,2025,7,3
2025-07-01,Pastaza,15,14,1,52,3,0,2025,7,3
2025-07-01,Pichincha,14,25,0,101,6,0,2025,7,3
2025-07-01,Tungurahua,7,10,1,62,3,0,2025,7,3
2025-07-01,Zamora Chinchipe,13,18,0,69,1,1,2025,7,3
2025-07-01,Galápagos,11,16,0,57,5,0,2025,7,3
2025-07-01,Sucumbíos,12,14,0,61,4,1,2025,7,3
2025-07-01,Orellana,7,17,0,50,5,2,2025,7,3
2025-07-01,Santo Domingo de los Tsáchilas,31,35,1,137,8,0,2025,7,3
2025-07-01,Santa Elena,21,44,2,189,12,1,2025,7,3
2025-08-01,Azuay,8,13,0,50,3,0,2025,8,3
2025-08-01,Bolívar,14,9,1,60,3,1,2025,8,3
2025-08-01,Cañar,14,14,0,59,4,1,2025,8,3
2025-08-01,Carchi,6,21,1,46,0,0,2025,8,3
2025-08-01,Cotopaxi,13,13,1,54,2,1,2025,8,3
2025-08-01,Chimborazo,12,22,1,49,2,1,2025,8,3
2025-08-01,El Oro,19,31,2,118,7,1,2025,8,3
2025-08-01,Esmeraldas,46,69,1,200,17,2,2025,8,3
2025-08-01,Guayas,40,60,3,193,12,2,2025,8,3
2025-08-01,Imbabura,9,16,0,52,6,0,2025,8,3
2025-08-01,Loja,10,13,0,65,3,0,2025,8,3
2025-08-01,Los Ríos,29,50,1,162,9,0,2025,8,3
2025-08-01,Manabí,21,43,0,127,12,1,2025,8,3
2025-08-01,Morona Santiago,13,14,1,64,2,0,2025,8,3
2025-08-01,Napo,3,11,0,63,4,0,2025,8,3
2025-08-01,Pastaza,10,15,1,64,0,2,2025,8,3
2025-08-01,Pichincha,25,32,2,71,4,0,2025,8,3
2025-08-01,Tungurahua,12,18,1,46,2,0,2025,8,3
2025-08-01,Zamora Chinchipe,9,14,0,61,3,0,2025,8,3
2025-08-01,Galápagos,11,12,0,46,4,0,2025,8,3
2025-08-01,Sucumbíos,16,21,0,57,2,1,2025,8,3
2025-08-01,Orellana,11,18,1,52,1,0,2025,8,3
2025-08-01,Santo Domingo de los Tsáchilas,27,38,2,156,7,0,2025,8,3
2025-08-01,Santa Elena,36,40,2,155,4,0,2025,8,3
2025-09-01,Azuay,12,12,0,58,4,0,2025,9,3
2025-09-01,Bolívar,6,14,0,54,3,0,2025,9,3
2025-09-01,Cañar,6,17,1,49,2,1,2025,9,3
2025-09-01,Carchi,9,18,0,58,4,1,2025,9,3
2025-09-01,Cotopaxi,11,19,0,49,4,0,2025,9,3
2025-09-01,Chimborazo,13,14,0,55,4,0,2025,9,3
2025-09-01,El Oro,27,47,0,148,5,1,2025,9,3
2025-09-01,Esmeraldas,38,67,1,225,9,0,2025,9,3
2025-09-01,Guayas,40,62,2,182,14,0,2025,9,3
2025-09-01,Imbabura,11,15,0,57,4,1,2025,9,3
2025-09-01,Loja,8,15,1,53,0,0,2025,9,3
2025-09-01,Los Ríos,35,41,0,187,5,2,2025,9,3
2025-09-01,Manabí,24,34,1,116,10,0,2025,9,3
2025-09-01,Morona Santiago,10,21,0,56,5,0,2025,9,3
2025-09-01,Napo,5,15,1,50,0,1,2025,9,3
2025-09-01,Pastaza,8,15,0,55,2,0,2025,9,3
2025-09-01,Pichincha,13,31,2,76,6,0,2025,9,3
2025-09-01,Tungurahua,12,16,1,62,1,0,2025,9,3
2025-09-01,Zamora Chinchipe,12,9,0,61,4,1,2025,9,3
2025-09-01,Galápagos,15,13,0,72,4,0,2025,9,3
2025-09-01,Sucumbíos,10,12,0,62,3,0,2025,9,3
2025-09-01,Orellana,14,13,0,60,6,0,2025,9,3
2025-09-01,Santo Domingo de los Tsáchilas,26,37,1,155,10,0,2025,9,3
2025-09-01,Santa Elena,31,25,4,161,11,1,2025,9,3
2025-10-01,Azuay,11,15,0,54,2,1,2025,10,4
2025-10-01,Bolívar,8,11,0,66,1,1,2025,10,4
2025-10-01,Cañar,10,17,0,58,2,1,2025,10,4
2025-10-01,Carchi,16,15,1,60,2,1,2025,10,4
2025-10-01,Cotopaxi,10,8,1,70,2,0,2025,10,4
2025-10-01,Chimborazo,9,11,1,55,3,1,2025,10,4
2025-10-01,El Oro,23,33,0,131,8,0,2025,10,4
2025-10-01,Esmeraldas,41,62,2,251,14,2,2025,10,4
2025-10-01,Guayas,45,49,2,191,4,0,2025,10,4
2025-10-01,Imbabura,13,23,1,51,1,0,2025,10,4
2025-10-01,Loja,7,20,0,59,2,0,2025,10,4
2025-10-01,Los Ríos,42,54,0,162,12,0,2025,10,4
2025-10-01,Manabí,26,47,4,155,9,1,2025,10,4
2025-10-01,Morona Santiago,15,15,1,46,3,0,2025,10,4
2025-10-01,Napo,12,15,0,65,2,0,2025,10,4
2025-10-01,Pastaza,17,16,0,49,2,0,2025,10,4
2025-10-01,Pichincha,13,25,2,85,5,2,2025,10,4
2025-10-01,Tungurahua,10,11,0,54,3,0,2025,10,4
2025-10-01,Zamora Chinchipe,6,17,0,59,4,0,2025,10,4
2025-10-01,Galápagos,14,10,0,62,4,0,2025,10,4
2025-10-01,Sucumbíos,12,10,0,55,1,0,2025,10,4
2025-10-01,Orellana,11,14,0,57,3,0,2025,10,4
2025-10-01,Santo Domingo de los Tsáchilas,28,32,3,146,5,2,2025,10,4
2025-10-01,Santa Elena,38,43,4,151,3,2,2025,10,4
2025-11-01,Azuay,11,14,1,64,3,0,2025,11,4
2025-11-01,Bolívar,11,11,0,53,3,0,2025,11,4
2025-11-01,Cañar,15,12,0,54,4,0,2025,11,4
2025-11-01,Carchi,14,9,2,60,5,0,2025,11,4
2025-11-01,Cotopaxi,5,10,1,73,2,1,2025,11,4
2025-11-01,Chimborazo,18,11,1,80,2,0,2025,11,4
2025-11-01,El Oro,31,34,0,130,5,2,2025,11,4
2025-11-01,Esmeraldas,52,51,3,261,9,1,2025,11,4
2025-11-01,Guayas,30,65,1,194,9,2,2025,11,4
2025-11-01,Imbabura,11,10,0,57,3,1,2025,11,4
2025-11-01,Loja,8,18,1,61,1,0,2025,11,4
2025-11-01,Los Ríos,31,56,1,204,7,2,2025,11,4
2025-11-01,Manabí,28,47,5,140,3,1,2025,11,4
2025-11-01,Morona Santiago,8,12,1,52,3,0,2025,11,4
2025-11-01,Napo,5,16,2,57,1,0,2025,11,4
2025-11-01,Pastaza,10,10,1,64,3,0,2025,11,4
2025-11-01,Pichincha,10,19,1,94,3,1,2025,11,4
2025-11-01,Tungurahua,10,12,2,55,2,0,2025,11,4
2025-11-01,Zamora Chinchipe,5,16,2,59,2,0,2025,11,4
2025-11-01,Galápagos,10,17,0,68,2,0,2025,11,4
2025-11-01,Sucumbíos,16,13,1,44,2,1,2025,11,4
2025-11-01,Orellana,6,23,2,54,5,0,2025,11,4
2025-11-01,Santo Domingo de los Tsáchilas,32,29,2,169,7,0,2025,11,4
2025-11-01,Santa Elena,22,42,2,173,9,1,2025,11,4
2025-12-01,Azuay,8,17,2,59,2,2,2025,12,4
2025-12-01,Bolívar,20,22,1,69,0,0,2025,12,4
2025-12-01,Cañar,9,14,0,62,2,0,2025,12,4
2025-12-01,Carchi,4,13,0,74,2,0,2025,12,4
2025-12-01,Cotopaxi,11,15,2,55,2,0,2025,12,4
2025-12-01,Chimborazo,6,17,1,55,5,0,2025,12,4
2025-12-01,El Oro,24,36,1,148,4,1,2025,12,4
2025-12-01,Esmeraldas,51,60,2,236,15,2,2025,12,4
2025-12-01,Guayas,39,51,1,197,9,0,2025,12,4
2025-12-01,Imbabura,12,17,0,68,1,1,2025,12,4
2025-12-01,Loja,12,17,2,65,6,0,2025,12,4
2025-12-01,Los Ríos,34,36,1,223,8,0,2025,12,4
2025-12-01,Manabí,24,42,1,163,7,2,2025,12,4
2025-12-01,Morona Santiago,11,18,1,55,2,0,2025,12,4
2025-12-01,Napo,11,14,1,70,6,0,2025,12,4
2025-12-01,Pastaza,7,16,0,69,5,0,2025,12,4
2025-12-01,Pichincha,12,27,1,98,6,0,2025,12,4
2025-12-01,Tungurahua,9,7,0,49,4,0,2025,12,4
2025-12-01,Zamora Chinchipe,9,7,1,74,2,1,2025,12,4
2025-12-01,Galápagos,7,13,2,59,7,0,2025,12,4
2025-12-01,Sucumbíos,16,16,1,64,7,0,2025,12,4
2025-12-01,Orellana,14,14,1,49,3,0,2025,12,4
2025-12-01,Santo Domingo de los Tsáchilas,29,32,4,173,5,0,2025,12,4
2025-12-01,Santa Elena,30,40,1,161,7,0,2025,12,4
2026-01-01,Azuay,16,14,1,67,6,0,2026,1,1
2026-01-01,Bolívar,7,12,2,74,5,2,2026,1,1
2026-01-01,Cañar,8,22,2,58,9,0,2026,1,1
2026-01-01,Carchi,11,15,0,61,2,0,2026,1,1
2026-01-01,Cotopaxi,12,20,0,78,5,0,2026,1,1
2026-01-01,Chimborazo,13,9,0,54,3,0,2026,1,1
2026-01-01,El Oro,26,32,1,128,10,0,2026,1,1
2026-01-01,Esmeraldas,52,70,5,259,10,2,2026,1,1
2026-01-01,Guayas,33,62,0,229,12,3,2026,1,1
2026-01-01,Imbabura,11,17,0,57,1,1,2026,1,1
2026-01-01,Loja,18,10,1,56,2,0,2026,1,1
2026-01-01,Los Ríos,36,52,2,183,7,1,2026,1,1
2026-01-01,Manabí,20,42,3,144,11,1,2026,1,1
2026-01-01,Morona Santiago,18,12,1,65,2,0,2026,1,1
2026-01-01,Napo,11,16,0,52,4,0,2026,1,1
2026-01-01,Pastaza,14,14,2,59,2,0,2026,1,1
2026-01-01,Pichincha,17,25,1,101,7,2,2026,1,1
2026-01-01,Tungurahua,5,13,0,69,3,0,2026,1,1
2026-01-01,Zamora Chinchipe,14,7,1,61,2,0,2026,1,1
2026-01-01,Galápagos,9,13,0,65,1,0,2026,1,1
2026-01-01,Sucumbíos,7,14,0,49,4,0,2026,1,1
2026-01-01,Orellana,7,18,1,69,2,0,2026,1,1
2026-01-01,Santo Domingo de los Tsáchilas,34,38,5,185,12,0,2026,1,1
2026-01-01,Santa Elena,32,41,4,178,9,0,2026,1,1
2026-02-01,Azuay,17,15,0,63,4,0,2026,2,1
2026-02-01,Bolívar,9,12,0,57,3,0,2026,2,1
2026-02-01,Cañar,9,16,0,64,3,0,2026,2,1
2026-02-01,Carchi,8,14,2,66,2,1,2026,2,1
2026-02-01,Cotopaxi,19,18,2,70,3,0,2026,2,1
2026-02-01,Chimborazo,16,19,1,68,5,0,2026,2,1
2026-02-01,El Oro,22,31,1,144,4,0,2026,2,1
2026-02-01,Esmeraldas,39,63,1,247,18,1,2026,2,1
2026-02-01,Guayas,54,65,2,225,7,1,2026,2,1
2026-02-01,Imbabura,11,11,1,68,3,0,2026,2,1
2026-02-01,Loja,9,14,1,62,3,0,2026,2,1
2026-02-01,Los Ríos,33,47,3,209,6,1,2026,2,1
2026-02-01,Manabí,24,40,2,161,3,0,2026,2,1
2026-02-01,Morona Santiago,12,10,1,71,3,0,2026,2,1
2026-02-01,Napo,17,16,2,48,5,0,2026,2,1
2026-02-01,Pastaza,15,20,2,61,2,1,2026,2,1
2026-02-01,Pichincha,26,24,1,104,1,0,2026,2,1
2026-02-01,Tungurahua,12,15,0,57,1,0,2026,2,1
2026-02-01,Zamora Chinchipe,9,13,2,48,1,0,2026,2,1
2026-02-01,Galápagos,18,15,0,62,2,0,2026,2,1
2026-02-01,Sucumbíos,12,16,1,65,5,0,2026,2,1
2026-02-01,Orellana,18,20,1,55,0,0,2026,2,1
2026-02-01,Santo Domingo de los Tsáchilas,40,40,2,177,3,1,2026,2,1
2026-02-01,Santa Elena,25,52,0,202,16,1,2026,2,1
2026-03-01,Azuay,8,23,0,63,2,1,2026,3,1
2026-03-01,Bolívar,7,17,0,59,2,1,2026,3,1
2026-03-01,Cañar,10,22,0,67,3,0,2026,3,1
2026-03-01,Carchi,14,16,0,65,2,1,2026,3,1
2026-03-01,Cotopaxi,15,13,3,48,6,0,2026,3,1
2026-03-01,Chimborazo,14,13,0,80,3,0,2026,3,1
2026-03-01,El Oro,19,44,2,148,6,0,2026,3,1
2026-03-01,Esmeraldas,58,85,7,256,16,1,2026,3,1
2026-03-01,Guayas,36,65,0,224,11,1,2026,3,1
2026-03-01,Imbabura,10,18,1,71,2,1,2026,3,1
2026-03-01,Loja,13,24,1,63,3,1,2026,3,1
2026-03-01,Los Ríos,39,56,0,207,15,0,2026,3,1
2026-03-01,Manabí,29,53,4,167,4,1,2026,3,1
2026-03-01,Morona Santiago,14,19,1,55,3,1,2026,3,1
2026-03-01,Napo,8,14,1,89,3,1,2026,3,1
2026-03-01,Pastaza,13,21,1,61,5,0,2026,3,1
2026-03-01,Pichincha,18,21,1,78,4,0,2026,3,1
2026-03-01,Tungurahua,12,23,0,74,5,0,2026,3,1
2026-03-01,Zamora Chinchipe,10,23,0,51,3,0,2026,3,1
2026-03-01,Galápagos,19,18,0,47,4,0,2026,3,1
2026-03-01,Sucumbíos,16,21,0,64,5,0,2026,3,1
2026-03-01,Orellana,17,10,0,65,6,1,2026,3,1
2026-03-01,Santo Domingo de los Tsáchilas,30,48,3,178,8,0,2026,3,1
2026-03-01,Santa Elena,36,60,0,170,9,1,2026,3,1
2026-04-01,Azuay,17,17,0,70,4,0,2026,4,2
2026-04-01,Bolívar,11,8,2,73,3,1,2026,4,2
2026-04-01,Cañar,13,18,0,63,0,0,2026,4,2
2026-04-01,Carchi,14,22,0,53,5,0,2026,4,2
2026-04-01,Cotopaxi,14,18,1,71,3,0,2026,4,2
2026-04-01,Chimborazo,18,12,0,67,5,0,2026,4,2
2026-04-01,El Oro,24,49,2,160,8,0,2026,4,2
2026-04-01,Esmeraldas,54,59,3,273,12,3,2026,4,2
2026-04-01,Guayas,46,45,2,251,6,0,2026,4,2
2026-04-01,Imbabura,13,21,0,59,4,1,2026,4,2
2026-04-01,Loja,6,12,0,68,2,0,2026,4,2
2026-04-01,Los Ríos,37,36,0,203,9,1,2026,4,2
2026-04-01,Manabí,28,41,1,143,5,0,2026,4,2
2026-04-01,Morona Santiago,13,17,0,71,3,0,2026,4,2
2026-04-01,Napo,4,14,2,70,5,0,2026,4,2
2026-04-01,Pastaza,7,8,2,58,3,0,2026,4,2
2026-04-01,Pichincha,16,30,0,111,0,1,2026,4,2
2026-04-01,Tungurahua,8,19,0,64,5,0,2026,4,2
2026-04-01,Zamora Chinchipe,21,19,0,65,4,0,2026,4,2
2026-04-01,Galápagos,11,20,1,66,3,1,2026,4,2
2026-04-01,Sucumbíos,14,16,0,66,4,0,2026,4,2
2026-04-01,Orellana,18,18,0,63,1,0,2026,4,2
2026-04-01,Santo Domingo de los Tsáchilas,31,38,0,198,9,2,2026,4,2
2026-04-01,Santa Elena,35,48,2,184,10,2,2026,4,2
2026-05-01,Azuay,14,15,1,56,6,0,2026,5,2
2026-05-01,Bolívar,14,13,1,62,3,0,2026,5,2
2026-05-01,Cañar,11,11,0,66,7,0,2026,5,2
2026-05-01,Carchi,17,16,1,62,4,0,2026,5,2
2026-05-01,Cotopaxi,16,17,0,70,4,0,2026,5,2
2026-05-01,Chimborazo,10,13,1,62,4,0,2026,5,2
2026-05-01,El Oro,22,33,1,138,6,0,2026,5,2
2026-05-01,Esmeraldas,36,63,3,268,18,1,2026,5,2
2026-05-01,Guayas,30,68,0,250,3,3,2026,5,2
2026-05-01,Imbabura,10,18,0,68,2,0,2026,5,2
2026-05-01,Loja,13,17,1,65,2,0,2026,5,2
2026-05-01,Los Ríos,35,49,1,189,10,3,2026,5,2
2026-05-01,Manabí,25,45,1,184,5,2,2026,5,2
2026-05-01,Morona Santiago,16,13,1,62,4,0,2026,5,2
2026-05-01,Napo,10,19,0,71,3,0,2026,5,2
2026-05-01,Pastaza,18,12,1,79,4,0,2026,5,2
2026-05-01,Pichincha,26,33,1,89,6,3,2026,5,2
2026-05-01,Tungurahua,13,13,0,58,3,1,2026,5,2
2026-05-01,Zamora Chinchipe,12,23,0,84,3,2,2026,5,2
2026-05-01,Galápagos,7,10,0,64,4,0,2026,5,2
2026-05-01,Sucumbíos,6,17,0,61,2,0,2026,5,2
2026-05-01,Orellana,8,21,1,65,3,0,2026,5,2
2026-05-01,Santo Domingo de los Tsáchilas,23,36,2,169,10,0,2026,5,2
2026-05-01,Santa Elena,39,41,0,177,7,1,2026,5,2
2026-06-01,Azuay,8,11,1,62,5,1,2026,6,2
2026-06-01,Bolívar,12,16,1,58,1,0,2026,6,2
2026-06-01,Cañar,23,8,0,58,5,0,2026,6,2
2026-06-01,Carchi,14,14,1,51,5,0,2026,6,2
2026-06-01,Cotopaxi,9,12,0,53,2,0,2026,6,2
2026-06-01,Chimborazo,13,17,0,56,2,0,2026,6,2
2026-06-01,El Oro,21,35,0,120,8,1,2026,6,2
2026-06-01,Esmeraldas,48,66,2,235,13,0,2026,6,2
2026-06-01,Guayas,45,33,0,212,14,1,2026,6,2
2026-06-01,Imbabura,12,11,1,51,4,0,2026,6,2
2026-06-01,Loja,10,16,2,55,1,0,2026,6,2
2026-06-01,Los Ríos,35,56,2,198,9,1,2026,6,2
2026-06-01,Manabí,27,36,3,172,10,0,2026,6,2
2026-06-01,Morona Santiago,14,17,0,46,2,1,2026,6,2
2026-06-01,Napo,11,20,1,57,3,0,2026,6,2
2026-06-01,Pastaza,10,21,3,59,4,0,2026,6,2
2026-06-01,Pichincha,16,29,0,99,5,0,2026,6,2
2026-06-01,Tungurahua,8,17,1,57,1,0,2026,6,2
2026-06-01,Zamora Chinchipe,7,16,1,55,2,0,2026,6,2
2026-06-01,Galápagos,10,12,0,49,1,0,2026,6,2
2026-06-01,Sucumbíos,9,15,1,62,4,0,2026,6,2
2026-06-01,Orellana,13,22,1,54,4,0,2026,6,2
2026-06-01,Santo Domingo de los Tsáchilas,32,47,1,166,4,3,2026,6,2
2026-06-01,Santa Elena,20,41,3,169,6,1,2026,6,2
