provincia,anio,mes,homicidios,asesinatos,sicariatos,femicidios,fecha,trimestre
Azuay,2014,1,3,3,0,0,2014-01-01,1
Azuay,2014,2,3,3,0,0,2014-02-01,1
Azuay,2014,3,3,2,0,0,2014-03-01,1
Azuay,2014,4,5,4,0,0,2014-04-01,2
Azuay,2014,5,3,3,0,0,2014-05-01,2
Azuay,2014,6,5,5,0,0,2014-06-01,2
Azuay,2014,7,1,1,0,0,2014-07-01,3
Azuay,2014,8,6,1,0,0,2014-08-01,3
Azuay,2014,9,3,2,0,0,2014-09-01,3
Azuay,2014,10,1,0,0,0,2014-10-01,4
Azuay,2014,11,1,1,0,0,2014-11-01,4
Azuay,2014,12,3,1,0,0,2014-12-01,4
Azuay,2015,1,1,1,0,0,2015-01-01,1
Azuay,2015,2,1,1,0,0,2015-02-01,1
Azuay,2015,3,3,2,0,0,2015-03-01,1
Azuay,2015,4,3,2,0,0,2015-04-01,2
Azuay,2015,5,3,3,0,0,2015-05-01,2
Azuay,2015,6,5,3,1,0,2015-06-01,2
Azuay,2015,7,2,1,0,1,2015-07-01,3
Azuay,2015,8,2,2,0,0,2015-08-01,3
Azuay,2015,9,1,0,0,0,2015-09-01,3
Azuay,2015,10,3,3,0,0,2015-10-01,4
Azuay,2015,11,4,3,0,1,2015-11-01,4
Azuay,2016,1,2,1,0,0,2016-01-01,1
Azuay,2016,2,1,1,0,0,2016-02-01,1
Azuay,2016,3,3,2,0,0,2016-03-01,1
Azuay,2016,4,3,3,0,0,2016-04-01,2
Azuay,2016,5,6,5,0,1,2016-05-01,2
Azuay,2016,6,3,2,0,0,2016-06-01,2
Azuay,2016,7,3,3,0,0,2016-07-01,3
Azuay,2016,8,1,0,0,0,2016-08-01,3
Azuay,2016,9,3,3,0,0,2016-09-01,3
Azuay,2016,10,6,4,0,1,2016-10-01,4
Azuay,2016,11,3,0,0,2,2016-11-01,4
Azuay,2016,12,1,0,0,0,2016-12-01,4
Azuay,2017,1,4,2,0,0,2017-01-01,1
Azuay,2017,2,2,1,0,0,2017-02-01,1
Azuay,2017,3,7,5,0,1,2017-03-01,1
Azuay,2017,4,5,4,0,1,2017-04-01,2
Azuay,2017,5,5,5,0,0,2017-05-01,2
Azuay,2017,6,2,1,0,1,2017-06-01,2
Azuay,2017,7,4,4,0,0,2017-07-01,3
Azuay,2017,8,6,3,0,2,2017-08-01,3
Azuay,2017,9,2,2,0,0,2017-09-01,3
Azuay,2017,10,3,1,0,1,2017-10-01,4
Azuay,2017,11,1,1,0,0,2017-11-01,4
Azuay,2017,12,3,2,0,1,2017-12-01,4
Azuay,2018,1,3,2,0,1,2018-01-01,1
Azuay,2018,2,4,0,0,1,2018-02-01,1
Azuay,2018,3,3,3,0,0,2018-03-01,1
Azuay,2018,4,7,4,0,0,2018-04-01,2
Azuay,2018,5,4,3,0,0,2018-05-01,2
Azuay,2018,6,2,1,0,0,2018-06-01,2
Azuay,2018,7,4,3,0,0,2018-07-01,3
Azuay,2018,8,4,2,0,1,2018-08-01,3
Azuay,2018,9,2,0,0,1,2018-09-01,3
Azuay,2018,11,2,1,0,0,2018-11-01,4
Azuay,2018,12,3,1,0,0,2018-12-01,4
Azuay,2019,1,1,1,0,0,2019-01-01,1
Azuay,2019,2,2,2,0,0,2019-02-01,1
Azuay,2019,4,6,5,0,0,2019-04-01,2
Azuay,2019,5,1,0,0,0,2019-05-01,2
Azuay,2019,6,5,2,0,1,2019-06-01,2
Azuay,2019,7,3,2,0,0,2019-07-01,3
Azuay,2019,9,1,0,0,0,2019-09-01,3
Azuay,2019,10,2,2,0,0,2019-10-01,4
Azuay,2019,11,1,0,0,0,2019-11-01,4
Azuay,2019,12,2,1,0,0,2019-12-01,4
Azuay,2020,1,1,0,0,0,2020-01-01,1
Azuay,2020,2,7,7,0,0,2020-02-01,1
Azuay,2020,3,2,0,0,0,2020-03-01,1
Azuay,2020,4,2,0,0,1,2020-04-01,2
Azuay,2020,5,4,1,0,1,2020-05-01,2
Azuay,2020,6,1,0,0,0,2020-06-01,2
Azuay,2020,7,1,1,0,0,2020-07-01,3
Azuay,2020,8,4,1,0,1,2020-08-01,3
Azuay,2020,9,1,0,0,0,2020-09-01,3
Azuay,2020,10,3,0,0,0,2020-10-01,4
Azuay,2020,11,4,2,0,1,2020-11-01,4
Azuay,2020,12,3,3,0,0,2020-12-01,4
Azuay,2021,1,3,2,0,1,2021-01-01,1
Azuay,2021,2,37,33,0,1,2021-02-01,1
Azuay,2021,3,1,1,0,0,2021-03-01,1
Azuay,2021,4,3,0,0,1,2021-04-01,2
Azuay,2021,5,1,1,0,0,2021-05-01,2
Azuay,2021,6,3,1,0,1,2021-06-01,2
Azuay,2021,7,1,1,0,0,2021-07-01,3
Azuay,2021,9,3,1,0,0,2021-09-01,3
Azuay,2021,10,2,1,0,0,2021-10-01,4
Azuay,2021,11,3,1,0,0,2021-11-01,4
Azuay,2021,12,2,1,0,0,2021-12-01,4
Azuay,2022,1,9,5,0,0,2022-01-01,1
Azuay,2022,2,3,3,0,0,2022-02-01,1
Azuay,2022,3,2,1,0,0,2022-03-01,1
Azuay,2022,4,23,21,0,0,2022-04-01,2
Azuay,2022,5,10,5,0,4,2022-05-01,2
Azuay,2022,6,4,4,0,0,2022-06-01,2
Azuay,2022,7,2,2,0,0,2022-07-01,3
Azuay,2022,8,8,7,0,0,2022-08-01,3
Azuay,2022,9,1,0,0,1,2022-09-01,3
Azuay,2022,10,6,5,0,0,2022-10-01,4
Azuay,2022,11,4,2,0,1,2022-11-01,4
Azuay,2022,12,3,3,0,0,2022-12-01,4
Azuay,2023,1,7,5,0,0,2023-01-01,1
Azuay,2023,2,2,2,0,0,2023-02-01,1
Azuay,2023,3,7,6,0,0,2023-03-01,1
Azuay,2023,4,8,7,0,0,2023-04-01,2
Azuay,2023,5,2,2,0,0,2023-05-01,2
Azuay,2023,6,4,3,0,0,2023-06-01,2
Azuay,2023,7,5,5,0,0,2023-07-01,3
Azuay,2023,8,6,1,0,0,2023-08-01,3
Azuay,2023,9,6,3,0,0,2023-09-01,3
Azuay,2023,10,3,3,0,0,2023-10-01,4
Azuay,2023,11,2,1,0,1,2023-11-01,4
Azuay,2023,12,6,4,0,0,2023-12-01,4
Azuay,2024,1,4,1,0,0,2024-01-01,1
Azuay,2024,2,5,3,0,1,2024-02-01,1
Azuay,2024,3,1,1,0,0,2024-03-01,1
Azuay,2024,4,6,4,0,0,2024-04-01,2
Azuay,2024,5,11,11,0,0,2024-05-01,2
Azuay,2024,6,21,18,1,1,2024-06-01,2
Azuay,2024,7,18,18,0,0,2024-07-01,3
Azuay,2024,8,13,13,0,0,2024-08-01,3
Azuay,2024,9,2,2,0,0,2024-09-01,3
Azuay,2024,10,6,6,0,0,2024-10-01,4
Azuay,2024,11,3,3,0,0,2024-11-01,4
Azuay,2024,12,1,0,0,1,2024-12-01,4
Azuay,2025,1,2,2,0,0,2025-01-01,1
Azuay,2025,2,3,1,0,1,2025-02-01,1
Azuay,2025,3,3,1,0,0,2025-03-01,1
Azuay,2025,4,4,3,0,1,2025-04-01,2
Azuay,2025,6,1,1,0,0,2025-06-01,2
Azuay,2025,8,5,5,0,0,2025-08-01,3
Azuay,2025,9,2,1,0,1,2025-09-01,3
Azuay,2025,10,8,8,0,0,2025-10-01,4
Azuay,2025,11,7,4,2,0,2025-11-01,4
Azuay,2025,12,4,3,0,0,2025-12-01,4
Azuay,2026,1,7,6,0,0,2026-01-01,1
Azuay,2026,2,2,1,0,0,2026-02-01,1
Azuay,2026,3,3,2,1,0,2026-03-01,1
Azuay,2026,4,2,2,0,0,2026-04-01,2
Azuay,2026,5,8,6,0,0,2026-05-01,2
Bolívar,2014,1,1,1,0,0,2014-01-01,1
Bolívar,2014,3,1,1,0,0,2014-03-01,1
Bolívar,2014,6,2,0,0,0,2014-06-01,2
Bolívar,2014,7,2,1,0,0,2014-07-01,3
Bolívar,2014,8,1,1,0,0,2014-08-01,3
Bolívar,2014,10,1,1,0,0,2014-10-01,4
Bolívar,2014,11,2,2,0,0,2014-11-01,4
Bolívar,2015,1,2,2,0,0,2015-01-01,1
Bolívar,2015,3,2,2,0,0,2015-03-01,1
Bolívar,2015,6,1,1,0,0,2015-06-01,2
Bolívar,2015,9,1,0,0,0,2015-09-01,3
Bolívar,2016,1,1,1,0,0,2016-01-01,1
Bolívar,2016,2,1,1,0,0,2016-02-01,1
Bolívar,2016,3,1,1,0,0,2016-03-01,1
Bolívar,2016,5,1,1,0,0,2016-05-01,2
Bolívar,2016,10,1,1,0,0,2016-10-01,4
Bolívar,2016,11,3,2,0,1,2016-11-01,4
Bolívar,2016,12,1,1,0,0,2016-12-01,4
Bolívar,2017,1,1,0,0,1,2017-01-01,1
Bolívar,2017,2,1,1,0,0,2017-02-01,1
Bolívar,2017,3,1,1,0,0,2017-03-01,1
Bolívar,2017,4,2,2,0,0,2017-04-01,2
Bolívar,2017,8,1,1,0,0,2017-08-01,3
Bolívar,2017,12,1,0,0,1,2017-12-01,4
Bolívar,2018,2,3,3,0,0,2018-02-01,1
Bolívar,2018,3,1,1,0,0,2018-03-01,1
Bolívar,2018,4,1,1,0,0,2018-04-01,2
Bolívar,2018,5,1,0,0,1,2018-05-01,2
Bolívar,2018,9,3,3,0,0,2018-09-01,3
Bolívar,2018,11,1,1,0,0,2018-11-01,4
Bolívar,2018,12,2,2,0,0,2018-12-01,4
Bolívar,2019,2,1,1,0,0,2019-02-01,1
Bolívar,2019,7,1,1,0,0,2019-07-01,3
Bolívar,2019,8,1,1,0,0,2019-08-01,3
Bolívar,2019,10,1,1,0,0,2019-10-01,4
Bolívar,2019,11,2,1,0,0,2019-11-01,4
Bolívar,2019,12,3,0,3,0,2019-12-01,4
Bolívar,2020,4,1,1,0,0,2020-04-01,2
Bolívar,2020,5,1,0,0,1,2020-05-01,2
Bolívar,2020,6,1,0,0,1,2020-06-01,2
Bolívar,2020,7,1,0,0,1,2020-07-01,3
Bolívar,2020,9,1,1,0,0,2020-09-01,3
Bolívar,2020,10,2,2,0,0,2020-10-01,4
Bolívar,2020,11,2,0,0,0,2020-11-01,4
Bolívar,2020,12,3,2,0,0,2020-12-01,4
Bolívar,2021,1,3,0,0,0,2021-01-01,1
Bolívar,2021,4,1,1,0,0,2021-04-01,2
Bolívar,2021,6,1,1,0,0,2021-06-01,2
Bolívar,2021,8,1,1,0,0,2021-08-01,3
Bolívar,2021,12,1,1,0,0,2021-12-01,4
Bolívar,2022,2,1,1,0,0,2022-02-01,1
Bolívar,2022,3,1,0,1,0,2022-03-01,1
Bolívar,2022,4,2,1,0,1,2022-04-01,2
Bolívar,2022,5,3,2,0,1,2022-05-01,2
Bolívar,2022,9,2,1,0,0,2022-09-01,3
Bolívar,2022,10,1,0,0,0,2022-10-01,4
Bolívar,2022,11,1,0,0,0,2022-11-01,4
Bolívar,2022,12,2,2,0,0,2022-12-01,4
Bolívar,2023,2,1,0,0,1,2023-02-01,1
Bolívar,2023,3,3,2,0,1,2023-03-01,1
Bolívar,2023,4,2,1,0,0,2023-04-01,2
Bolívar,2023,5,1,1,0,0,2023-05-01,2
Bolívar,2023,6,3,3,0,0,2023-06-01,2
Bolívar,2023,7,1,1,0,0,2023-07-01,3
Bolívar,2023,8,1,1,0,0,2023-08-01,3
Bolívar,2023,9,3,2,0,1,2023-09-01,3
Bolívar,2023,11,6,6,0,0,2023-11-01,4
Bolívar,2023,12,3,3,0,0,2023-12-01,4
Bolívar,2024,2,3,3,0,0,2024-02-01,1
Bolívar,2024,3,5,5,0,0,2024-03-01,1
Bolívar,2024,4,1,1,0,0,2024-04-01,2
Bolívar,2024,5,2,1,0,1,2024-05-01,2
Bolívar,2024,7,3,2,0,0,2024-07-01,3
Bolívar,2024,8,2,0,0,0,2024-08-01,3
Bolívar,2024,9,1,1,0,0,2024-09-01,3
Bolívar,2024,10,7,7,0,0,2024-10-01,4
Bolívar,2024,11,4,4,0,0,2024-11-01,4
Bolívar,2024,12,2,2,0,0,2024-12-01,4
Bolívar,2025,1,1,1,0,0,2025-01-01,1
Bolívar,2025,2,3,2,0,0,2025-02-01,1
Bolívar,2025,3,4,4,0,0,2025-03-01,1
Bolívar,2025,4,1,1,0,0,2025-04-01,2
Bolívar,2025,5,10,10,0,0,2025-05-01,2
Bolívar,2025,6,3,3,0,0,2025-06-01,2
Bolívar,2025,8,4,4,0,0,2025-08-01,3
Bolívar,2025,9,1,1,0,0,2025-09-01,3
Bolívar,2025,10,5,5,0,0,2025-10-01,4
Bolívar,2025,11,3,3,0,0,2025-11-01,4
Bolívar,2025,12,2,1,0,0,2025-12-01,4
Bolívar,2026,1,3,3,0,0,2026-01-01,1
Bolívar,2026,3,1,1,0,0,2026-03-01,1
Bolívar,2026,5,3,2,0,0,2026-05-01,2
Bolívar,2026,6,4,4,0,0,2026-06-01,2
Carchi,2014,1,3,0,0,0,2014-01-01,1
Carchi,2014,4,1,1,0,0,2014-04-01,2
Carchi,2014,5,1,1,0,0,2014-05-01,2
Carchi,2014,7,1,1,0,0,2014-07-01,3
Carchi,2014,8,1,1,0,0,2014-08-01,3
Carchi,2014,9,1,0,0,0,2014-09-01,3
Carchi,2014,11,1,0,0,0,2014-11-01,4
Carchi,2015,1,3,3,0,0,2015-01-01,1
Carchi,2015,3,2,2,0,0,2015-03-01,1
Carchi,2015,4,1,1,0,0,2015-04-01,2
Carchi,2015,5,1,1,0,0,2015-05-01,2
Carchi,2015,6,1,0,0,0,2015-06-01,2
Carchi,2015,10,1,0,0,0,2015-10-01,4
Carchi,2016,2,3,2,0,0,2016-02-01,1
Carchi,2016,7,1,1,0,0,2016-07-01,3
Carchi,2016,8,2,1,0,0,2016-08-01,3
Carchi,2016,9,1,0,0,0,2016-09-01,3
Carchi,2016,11,1,1,0,0,2016-11-01,4
Carchi,2017,7,2,2,0,0,2017-07-01,3
Carchi,2017,9,1,1,0,0,2017-09-01,3
Carchi,2017,11,2,2,0,0,2017-11-01,4
Carchi,2018,1,1,0,0,0,2018-01-01,1
Carchi,2018,2,1,1,0,0,2018-02-01,1
Carchi,2018,3,1,0,0,0,2018-03-01,1
Carchi,2018,8,1,1,0,0,2018-08-01,3
Carchi,2018,9,2,0,0,0,2018-09-01,3
Carchi,2018,10,2,1,0,0,2018-10-01,4
Carchi,2018,11,1,0,0,1,2018-11-01,4
Carchi,2019,1,1,0,0,1,2019-01-01,1
Carchi,2019,3,1,0,0,1,2019-03-01,1
Carchi,2019,6,2,1,0,0,2019-06-01,2
Carchi,2019,10,1,0,0,0,2019-10-01,4
Carchi,2020,1,2,1,0,0,2020-01-01,1
Carchi,2020,2,1,0,0,0,2020-02-01,1
Carchi,2020,7,1,1,0,0,2020-07-01,3
Carchi,2020,8,1,0,0,1,2020-08-01,3
Carchi,2020,12,2,1,0,0,2020-12-01,4
Carchi,2021,2,1,1,0,0,2021-02-01,1
Carchi,2021,3,1,0,0,1,2021-03-01,1
Carchi,2021,8,2,2,0,0,2021-08-01,3
Carchi,2021,9,1,1,0,0,2021-09-01,3
Carchi,2021,12,1,1,0,0,2021-12-01,4
Carchi,2022,1,1,0,0,0,2022-01-01,1
Carchi,2022,3,5,2,0,3,2022-03-01,1
Carchi,2022,4,2,1,0,0,2022-04-01,2
Carchi,2022,8,1,0,0,0,2022-08-01,3
Carchi,2022,9,1,0,0,1,2022-09-01,3
Carchi,2022,12,2,1,0,0,2022-12-01,4
Carchi,2023,1,2,2,0,0,2023-01-01,1
Carchi,2023,4,3,2,0,0,2023-04-01,2
Carchi,2023,7,1,1,0,0,2023-07-01,3
Carchi,2023,10,3,0,0,3,2023-10-01,4
Carchi,2023,11,3,1,0,0,2023-11-01,4
Carchi,2023,12,1,1,0,0,2023-12-01,4
Carchi,2024,1,1,0,0,0,2024-01-01,1
Carchi,2024,2,1,0,0,0,2024-02-01,1
Carchi,2024,3,1,0,0,1,2024-03-01,1
Carchi,2024,8,2,1,0,0,2024-08-01,3
Carchi,2024,9,1,0,0,1,2024-09-01,3
Carchi,2024,10,1,1,0,0,2024-10-01,4
Carchi,2024,12,1,1,0,0,2024-12-01,4
Carchi,2025,2,2,0,0,0,2025-02-01,1
Carchi,2025,3,2,0,0,0,2025-03-01,1
Carchi,2025,4,2,1,0,0,2025-04-01,2
Carchi,2025,8,3,3,0,0,2025-08-01,3
Carchi,2025,9,2,1,0,0,2025-09-01,3
Carchi,2025,11,1,0,0,0,2025-11-01,4
Carchi,2025,12,1,0,0,0,2025-12-01,4
Carchi,2026,1,2,0,0,0,2026-01-01,1
Carchi,2026,4,2,0,0,0,2026-04-01,2
Carchi,2026,5,4,4,0,0,2026-05-01,2
Cañar,2014,1,1,0,0,0,2014-01-01,1
Cañar,2014,2,3,0,0,0,2014-02-01,1
Cañar,2014,3,2,1,0,0,2014-03-01,1
Cañar,2014,4,4,1,0,0,2014-04-01,2
Cañar,2014,5,1,0,0,0,2014-05-01,2
Cañar,2014,7,1,0,0,0,2014-07-01,3
Cañar,2014,8,1,1,0,0,2014-08-01,3
Cañar,2014,10,4,3,0,0,2014-10-01,4
Cañar,2014,11,3,1,2,0,2014-11-01,4
Cañar,2014,12,1,1,0,0,2014-12-01,4
Cañar,2015,1,2,2,0,0,2015-01-01,1
Cañar,2015,2,3,1,1,1,2015-02-01,1
Cañar,2015,4,1,1,0,0,2015-04-01,2
Cañar,2015,8,1,1,0,0,2015-08-01,3
Cañar,2015,9,2,1,0,0,2015-09-01,3
Cañar,2015,10,2,2,0,0,2015-10-01,4
Cañar,2015,11,1,0,0,0,2015-11-01,4
Cañar,2016,1,3,0,0,1,2016-01-01,1
Cañar,2016,2,1,0,0,1,2016-02-01,1
Cañar,2016,8,1,0,0,0,2016-08-01,3
Cañar,2016,11,1,1,0,0,2016-11-01,4
Cañar,2017,1,1,1,0,0,2017-01-01,1
Cañar,2017,2,2,1,1,0,2017-02-01,1
Cañar,2017,6,1,1,0,0,2017-06-01,2
Cañar,2017,7,1,1,0,0,2017-07-01,3
Cañar,2017,8,2,1,0,1,2017-08-01,3
Cañar,2017,10,1,1,0,0,2017-10-01,4
Cañar,2017,11,1,1,0,0,2017-11-01,4
Cañar,2017,12,5,5,0,0,2017-12-01,4
Cañar,2018,1,1,1,0,0,2018-01-01,1
Cañar,2018,3,1,1,0,0,2018-03-01,1
Cañar,2018,4,2,1,0,0,2018-04-01,2
Cañar,2018,6,2,1,0,0,2018-06-01,2
Cañar,2018,9,1,1,0,0,2018-09-01,3
Cañar,2018,10,1,1,0,0,2018-10-01,4
Cañar,2018,11,1,0,0,0,2018-11-01,4
Cañar,2018,12,1,1,0,0,2018-12-01,4
Cañar,2019,2,1,1,0,0,2019-02-01,1
Cañar,2019,4,1,1,0,0,2019-04-01,2
Cañar,2019,5,3,1,0,0,2019-05-01,2
Cañar,2019,6,2,1,0,0,2019-06-01,2
Cañar,2019,7,1,1,0,0,2019-07-01,3
Cañar,2019,8,1,1,0,0,2019-08-01,3
Cañar,2019,9,1,1,0,0,2019-09-01,3
Cañar,2019,10,1,1,0,0,2019-10-01,4
Cañar,2019,12,3,3,0,0,2019-12-01,4
Cañar,2020,1,1,0,0,0,2020-01-01,1
Cañar,2020,3,3,3,0,0,2020-03-01,1
Cañar,2020,4,1,1,0,0,2020-04-01,2
Cañar,2020,5,2,1,1,0,2020-05-01,2
Cañar,2020,6,3,3,0,0,2020-06-01,2
Cañar,2020,7,1,0,0,0,2020-07-01,3
Cañar,2020,8,4,4,0,0,2020-08-01,3
Cañar,2020,9,3,2,0,0,2020-09-01,3
Cañar,2020,10,6,5,0,1,2020-10-01,4
Cañar,2020,11,2,1,0,0,2020-11-01,4
Cañar,2020,12,1,1,0,0,2020-12-01,4
Cañar,2021,1,3,3,0,0,2021-01-01,1
Cañar,2021,2,4,4,0,0,2021-02-01,1
Cañar,2021,3,11,10,0,0,2021-03-01,1
Cañar,2021,4,3,3,0,0,2021-04-01,2
Cañar,2021,5,5,5,0,0,2021-05-01,2
Cañar,2021,6,2,2,0,0,2021-06-01,2
Cañar,2021,7,4,4,0,0,2021-07-01,3
Cañar,2021,8,14,14,0,0,2021-08-01,3
Cañar,2021,9,11,11,0,0,2021-09-01,3
Cañar,2021,10,8,8,0,0,2021-10-01,4
Cañar,2021,11,2,2,0,0,2021-11-01,4
Cañar,2021,12,2,2,0,0,2021-12-01,4
Cañar,2022,1,6,5,0,0,2022-01-01,1
Cañar,2022,2,11,11,0,0,2022-02-01,1
Cañar,2022,3,14,14,0,0,2022-03-01,1
Cañar,2022,4,7,7,0,0,2022-04-01,2
Cañar,2022,5,15,15,0,0,2022-05-01,2
Cañar,2022,6,10,9,0,0,2022-06-01,2
Cañar,2022,7,5,4,0,0,2022-07-01,3
Cañar,2022,8,18,14,0,1,2022-08-01,3
Cañar,2022,9,16,15,0,0,2022-09-01,3
Cañar,2022,10,8,7,0,1,2022-10-01,4
Cañar,2022,11,10,10,0,0,2022-11-01,4
Cañar,2022,12,6,6,0,0,2022-12-01,4
Cañar,2023,1,6,6,0,0,2023-01-01,1
Cañar,2023,2,7,7,0,0,2023-02-01,1
Cañar,2023,3,8,7,0,1,2023-03-01,1
Cañar,2023,4,7,7,0,0,2023-04-01,2
Cañar,2023,5,6,5,0,0,2023-05-01,2
Cañar,2023,6,12,12,0,0,2023-06-01,2
Cañar,2023,7,11,9,0,0,2023-07-01,3
Cañar,2023,8,7,6,0,0,2023-08-01,3
Cañar,2023,9,17,17,0,0,2023-09-01,3
Cañar,2023,10,19,17,0,0,2023-10-01,4
Cañar,2023,11,6,5,0,0,2023-11-01,4
Cañar,2023,12,6,5,1,0,2023-12-01,4
Cañar,2024,1,5,5,0,0,2024-01-01,1
Cañar,2024,2,7,7,0,0,2024-02-01,1
Cañar,2024,3,8,8,0,0,2024-03-01,1
Cañar,2024,4,10,10,0,0,2024-04-01,2
Cañar,2024,5,16,16,0,0,2024-05-01,2
Cañar,2024,6,16,15,0,0,2024-06-01,2
Cañar,2024,7,7,6,0,0,2024-07-01,3
Cañar,2024,8,15,15,0,0,2024-08-01,3
Cañar,2024,9,6,6,0,0,2024-09-01,3
Cañar,2024,10,9,8,0,0,2024-10-01,4
Cañar,2024,11,3,3,0,0,2024-11-01,4
Cañar,2024,12,7,6,0,0,2024-12-01,4
Cañar,2025,1,6,5,0,0,2025-01-01,1
Cañar,2025,2,3,3,0,0,2025-02-01,1
Cañar,2025,3,9,9,0,0,2025-03-01,1
Cañar,2025,4,5,5,0,0,2025-04-01,2
Cañar,2025,5,8,8,0,0,2025-05-01,2
Cañar,2025,6,2,2,0,0,2025-06-01,2
Cañar,2025,7,7,7,0,0,2025-07-01,3
Cañar,2025,8,11,11,0,0,2025-08-01,3
Cañar,2025,9,10,10,0,0,2025-09-01,3
Cañar,2025,10,15,15,0,0,2025-10-01,4
Cañar,2025,11,5,4,0,0,2025-11-01,4
Cañar,2025,12,18,16,0,1,2025-12-01,4
Cañar,2026,1,5,4,0,0,2026-01-01,1
Cañar,2026,2,16,16,0,0,2026-02-01,1
Cañar,2026,3,11,11,0,0,2026-03-01,1
Cañar,2026,4,7,7,0,0,2026-04-01,2
Cañar,2026,5,3,3,0,0,2026-05-01,2
Cañar,2026,6,7,7,0,0,2026-06-01,2
Chimborazo,2014,1,2,2,0,0,2014-01-01,1
Chimborazo,2014,2,1,1,0,0,2014-02-01,1
Chimborazo,2014,4,1,0,0,0,2014-04-01,2
Chimborazo,2014,5,1,0,0,0,2014-05-01,2
Chimborazo,2014,6,1,1,0,0,2014-06-01,2
Chimborazo,2014,7,2,1,0,0,2014-07-01,3
Chimborazo,2014,8,3,2,0,1,2014-08-01,3
Chimborazo,2014,9,1,0,0,0,2014-09-01,3
Chimborazo,2014,10,1,1,0,0,2014-10-01,4
Chimborazo,2014,11,1,1,0,0,2014-11-01,4
Chimborazo,2014,12,1,1,0,0,2014-12-01,4
Chimborazo,2015,1,2,2,0,0,2015-01-01,1
Chimborazo,2015,2,4,4,0,0,2015-02-01,1
Chimborazo,2015,3,1,1,0,0,2015-03-01,1
Chimborazo,2015,4,1,0,0,0,2015-04-01,2
Chimborazo,2015,5,2,1,0,0,2015-05-01,2
Chimborazo,2015,7,3,2,0,1,2015-07-01,3
Chimborazo,2015,8,1,1,0,0,2015-08-01,3
Chimborazo,2015,9,4,3,0,1,2015-09-01,3
Chimborazo,2015,11,1,1,0,0,2015-11-01,4
Chimborazo,2015,12,2,1,0,1,2015-12-01,4
Chimborazo,2016,1,2,1,0,0,2016-01-01,1
Chimborazo,2016,2,1,1,0,0,2016-02-01,1
Chimborazo,2016,4,1,1,0,0,2016-04-01,2
Chimborazo,2016,6,1,1,0,0,2016-06-01,2
Chimborazo,2016,8,1,1,0,0,2016-08-01,3
Chimborazo,2016,11,2,2,0,0,2016-11-01,4
Chimborazo,2017,1,1,1,0,0,2017-01-01,1
Chimborazo,2017,2,2,1,0,1,2017-02-01,1
Chimborazo,2017,3,2,2,0,0,2017-03-01,1
Chimborazo,2017,5,1,0,0,1,2017-05-01,2
Chimborazo,2017,8,1,0,0,1,2017-08-01,3
Chimborazo,2017,10,1,0,0,1,2017-10-01,4
Chimborazo,2017,12,1,1,0,0,2017-12-01,4
Chimborazo,2018,2,4,2,0,1,2018-02-01,1
Chimborazo,2018,3,1,0,0,1,2018-03-01,1
Chimborazo,2018,4,2,2,0,0,2018-04-01,2
Chimborazo,2018,5,1,0,0,0,2018-05-01,2
Chimborazo,2018,8,2,0,0,0,2018-08-01,3
Chimborazo,2018,9,2,0,0,0,2018-09-01,3
Chimborazo,2018,10,3,2,0,1,2018-10-01,4
Chimborazo,2019,1,2,1,0,0,2019-01-01,1
Chimborazo,2019,3,1,1,0,0,2019-03-01,1
Chimborazo,2019,4,1,1,0,0,2019-04-01,2
Chimborazo,2019,5,1,0,0,0,2019-05-01,2
Chimborazo,2019,7,2,2,0,0,2019-07-01,3
Chimborazo,2019,8,2,1,0,0,2019-08-01,3
Chimborazo,2019,9,3,0,0,0,2019-09-01,3
Chimborazo,2019,12,1,1,0,0,2019-12-01,4
Chimborazo,2020,1,1,1,0,0,2020-01-01,1
Chimborazo,2020,2,2,0,0,0,2020-02-01,1
Chimborazo,2020,3,2,2,0,0,2020-03-01,1
Chimborazo,2020,4,1,1,0,0,2020-04-01,2
Chimborazo,2020,5,1,1,0,0,2020-05-01,2
Chimborazo,2020,6,1,1,0,0,2020-06-01,2
Chimborazo,2020,8,2,2,0,0,2020-08-01,3
Chimborazo,2020,9,1,1,0,0,2020-09-01,3
Chimborazo,2020,10,1,0,0,1,2020-10-01,4
Chimborazo,2020,12,1,1,0,0,2020-12-01,4
Chimborazo,2021,1,1,1,0,0,2021-01-01,1
Chimborazo,2021,2,4,0,0,0,2021-02-01,1
Chimborazo,2021,4,2,2,0,0,2021-04-01,2
Chimborazo,2021,5,1,1,0,0,2021-05-01,2
Chimborazo,2021,7,2,2,0,0,2021-07-01,3
Chimborazo,2021,8,1,1,0,0,2021-08-01,3
Chimborazo,2021,9,1,1,0,0,2021-09-01,3
Chimborazo,2021,11,2,1,1,0,2021-11-01,4
Chimborazo,2021,12,1,0,0,1,2021-12-01,4
Chimborazo,2022,3,2,2,0,0,2022-03-01,1
Chimborazo,2022,5,1,0,0,1,2022-05-01,2
Chimborazo,2022,6,1,1,0,0,2022-06-01,2
Chimborazo,2022,7,3,3,0,0,2022-07-01,3
Chimborazo,2022,8,1,0,0,0,2022-08-01,3
Chimborazo,2022,9,4,4,0,0,2022-09-01,3
Chimborazo,2022,11,2,2,0,0,2022-11-01,4
Chimborazo,2022,12,1,0,0,1,2022-12-01,4
Chimborazo,2023,1,4,4,0,0,2023-01-01,1
Chimborazo,2023,2,3,1,0,0,2023-02-01,1
Chimborazo,2023,3,1,1,0,0,2023-03-01,1
Chimborazo,2023,4,1,0,0,0,2023-04-01,2
Chimborazo,2023,6,5,5,0,0,2023-06-01,2
Chimborazo,2023,7,6,6,0,0,2023-07-01,3
Chimborazo,2023,8,2,2,0,0,2023-08-01,3
Chimborazo,2023,9,1,1,0,0,2023-09-01,3
Chimborazo,2023,10,2,1,0,0,2023-10-01,4
Chimborazo,2023,12,1,0,0,0,2023-12-01,4
Chimborazo,2024,2,2,1,0,1,2024-02-01,1
Chimborazo,2024,3,2,1,0,1,2024-03-01,1
Chimborazo,2024,4,1,0,0,0,2024-04-01,2
Chimborazo,2024,5,2,1,0,0,2024-05-01,2
Chimborazo,2024,6,2,2,0,0,2024-06-01,2
Chimborazo,2024,8,2,0,0,0,2024-08-01,3
Chimborazo,2024,11,1,0,0,0,2024-11-01,4
Chimborazo,2025,1,1,1,0,0,2025-01-01,1
Chimborazo,2025,2,3,3,0,0,2025-02-01,1
Chimborazo,2025,3,3,2,0,0,2025-03-01,1
Chimborazo,2025,4,4,3,0,0,2025-04-01,2
Chimborazo,2025,5,1,1,0,0,2025-05-01,2
Chimborazo,2025,6,1,1,0,0,2025-06-01,2
Chimborazo,2025,9,1,1,0,0,2025-09-01,3
Chimborazo,2025,10,3,1,1,0,2025-10-01,4
Chimborazo,2025,11,1,1,0,0,2025-11-01,4
Chimborazo,2025,12,1,1,0,0,2025-12-01,4
Chimborazo,2026,1,1,1,0,0,2026-01-01,1
Chimborazo,2026,2,1,0,0,0,2026-02-01,1
Chimborazo,2026,4,1,0,0,1,2026-04-01,2
Chimborazo,2026,5,1,1,0,0,2026-05-01,2
Chimborazo,2026,6,1,1,0,0,2026-06-01,2
Cotopaxi,2014,1,3,3,0,0,2014-01-01,1
Cotopaxi,2014,2,4,2,0,0,2014-02-01,1
Cotopaxi,2014,5,3,2,0,0,2014-05-01,2
Cotopaxi,2014,6,1,0,0,0,2014-06-01,2
Cotopaxi,2014,7,1,0,0,0,2014-07-01,3
Cotopaxi,2014,8,3,1,0,0,2014-08-01,3
Cotopaxi,2014,10,1,0,0,1,2014-10-01,4
Cotopaxi,2015,1,3,3,0,0,2015-01-01,1
Cotopaxi,2015,2,2,2,0,0,2015-02-01,1
Cotopaxi,2015,3,1,1,0,0,2015-03-01,1
Cotopaxi,2015,5,1,1,0,0,2015-05-01,2
Cotopaxi,2015,6,3,2,0,1,2015-06-01,2
Cotopaxi,2015,7,1,0,0,1,2015-07-01,3
Cotopaxi,2015,8,1,1,0,0,2015-08-01,3
Cotopaxi,2015,9,2,2,0,0,2015-09-01,3
Cotopaxi,2015,10,1,1,0,0,2015-10-01,4
Cotopaxi,2015,12,3,2,0,0,2015-12-01,4
Cotopaxi,2016,1,6,6,0,0,2016-01-01,1
Cotopaxi,2016,2,1,1,0,0,2016-02-01,1
Cotopaxi,2016,3,1,1,0,0,2016-03-01,1
Cotopaxi,2016,4,3,2,0,0,2016-04-01,2
Cotopaxi,2016,5,2,1,0,0,2016-05-01,2
Cotopaxi,2016,6,1,1,0,0,2016-06-01,2
Cotopaxi,2016,9,3,3,0,0,2016-09-01,3
Cotopaxi,2016,10,1,1,0,0,2016-10-01,4
Cotopaxi,2016,11,1,1,0,0,2016-11-01,4
Cotopaxi,2016,12,1,0,0,0,2016-12-01,4
Cotopaxi,2017,1,3,0,0,2,2017-01-01,1
Cotopaxi,2017,2,2,2,0,0,2017-02-01,1
Cotopaxi,2017,3,1,1,0,0,2017-03-01,1
Cotopaxi,2017,4,2,1,0,0,2017-04-01,2
Cotopaxi,2017,5,3,2,0,0,2017-05-01,2
Cotopaxi,2017,6,3,2,0,0,2017-06-01,2
Cotopaxi,2017,7,3,2,0,1,2017-07-01,3
Cotopaxi,2017,9,3,0,0,3,2017-09-01,3
Cotopaxi,2017,11,1,1,0,0,2017-11-01,4
Cotopaxi,2018,1,3,3,0,0,2018-01-01,1
Cotopaxi,2018,4,1,1,0,0,2018-04-01,2
Cotopaxi,2018,5,1,1,0,0,2018-05-01,2
Cotopaxi,2018,6,1,1,0,0,2018-06-01,2
Cotopaxi,2018,8,1,0,0,0,2018-08-01,3
Cotopaxi,2018,9,1,1,0,0,2018-09-01,3
Cotopaxi,2018,10,1,1,0,0,2018-10-01,4
Cotopaxi,2018,11,1,0,0,0,2018-11-01,4
Cotopaxi,2018,12,1,1,0,0,2018-12-01,4
Cotopaxi,2019,1,3,2,0,0,2019-01-01,1
Cotopaxi,2019,2,4,2,0,2,2019-02-01,1
Cotopaxi,2019,3,4,2,0,2,2019-03-01,1
Cotopaxi,2019,4,1,0,0,1,2019-04-01,2
Cotopaxi,2019,5,1,1,0,0,2019-05-01,2
Cotopaxi,2019,6,1,1,0,0,2019-06-01,2
Cotopaxi,2019,7,3,3,0,0,2019-07-01,3
Cotopaxi,2019,8,3,1,0,0,2019-08-01,3
Cotopaxi,2019,9,2,1,0,1,2019-09-01,3
Cotopaxi,2019,10,2,2,0,0,2019-10-01,4
Cotopaxi,2019,11,2,0,0,0,2019-11-01,4
Cotopaxi,2019,12,2,0,0,0,2019-12-01,4
Cotopaxi,2020,1,2,2,0,0,2020-01-01,1
Cotopaxi,2020,2,4,2,0,1,2020-02-01,1
Cotopaxi,2020,5,1,0,0,0,2020-05-01,2
Cotopaxi,2020,6,5,5,0,0,2020-06-01,2
Cotopaxi,2020,7,1,0,0,0,2020-07-01,3
Cotopaxi,2020,8,3,2,0,1,2020-08-01,3
Cotopaxi,2020,9,2,1,0,1,2020-09-01,3
Cotopaxi,2020,11,1,1,0,0,2020-11-01,4
Cotopaxi,2020,12,9,7,0,0,2020-12-01,4
Cotopaxi,2021,1,1,0,0,0,2021-01-01,1
Cotopaxi,2021,2,8,8,0,0,2021-02-01,1
Cotopaxi,2021,3,2,0,0,1,2021-03-01,1
Cotopaxi,2021,4,3,1,1,0,2021-04-01,2
Cotopaxi,2021,5,3,0,0,2,2021-05-01,2
Cotopaxi,2021,6,1,1,0,0,2021-06-01,2
Cotopaxi,2021,7,18,17,0,1,2021-07-01,3
Cotopaxi,2021,9,3,3,0,0,2021-09-01,3
Cotopaxi,2021,10,2,2,0,0,2021-10-01,4
Cotopaxi,2021,11,2,1,0,0,2021-11-01,4
Cotopaxi,2021,12,4,2,0,1,2021-12-01,4
Cotopaxi,2022,1,1,1,0,0,2022-01-01,1
Cotopaxi,2022,2,2,2,0,0,2022-02-01,1
Cotopaxi,2022,3,3,3,0,0,2022-03-01,1
Cotopaxi,2022,5,3,1,0,1,2022-05-01,2
Cotopaxi,2022,6,3,0,0,2,2022-06-01,2
Cotopaxi,2022,7,1,1,0,0,2022-07-01,3
Cotopaxi,2022,8,1,1,0,0,2022-08-01,3
Cotopaxi,2022,9,1,1,0,0,2022-09-01,3
Cotopaxi,2022,10,16,16,0,0,2022-10-01,4
Cotopaxi,2023,2,5,3,0,2,2023-02-01,1
Cotopaxi,2023,3,2,1,0,0,2023-03-01,1
Cotopaxi,2023,4,5,3,0,1,2023-04-01,2
Cotopaxi,2023,5,6,5,0,1,2023-05-01,2
Cotopaxi,2023,6,2,1,0,1,2023-06-01,2
Cotopaxi,2023,7,5,4,0,0,2023-07-01,3
Cotopaxi,2023,8,2,1,0,1,2023-08-01,3
Cotopaxi,2023,9,2,0,0,0,2023-09-01,3
Cotopaxi,2023,10,4,4,0,0,2023-10-01,4
Cotopaxi,2023,11,1,0,0,1,2023-11-01,4
Cotopaxi,2023,12,3,1,0,1,2023-12-01,4
Cotopaxi,2024,1,1,1,0,0,2024-01-01,1
Cotopaxi,2024,2,1,1,0,0,2024-02-01,1
Cotopaxi,2024,3,2,1,0,0,2024-03-01,1
Cotopaxi,2024,4,1,1,0,0,2024-04-01,2
Cotopaxi,2024,5,2,0,0,1,2024-05-01,2
Cotopaxi,2024,6,4,3,0,1,2024-06-01,2
Cotopaxi,2024,7,3,3,0,0,2024-07-01,3
Cotopaxi,2024,9,1,0,0,0,2024-09-01,3
Cotopaxi,2024,10,5,2,0,0,2024-10-01,4
Cotopaxi,2024,11,5,3,1,1,2024-11-01,4
Cotopaxi,2024,12,2,0,0,0,2024-12-01,4
Cotopaxi,2025,1,4,3,0,0,2025-01-01,1
Cotopaxi,2025,2,6,5,0,0,2025-02-01,1
Cotopaxi,2025,3,6,2,0,0,2025-03-01,1
Cotopaxi,2025,4,2,2,0,0,2025-04-01,2
Cotopaxi,2025,5,5,3,0,1,2025-05-01,2
Cotopaxi,2025,6,2,2,0,0,2025-06-01,2
Cotopaxi,2025,8,4,3,0,0,2025-08-01,3
Cotopaxi,2025,10,5,2,0,1,2025-10-01,4
Cotopaxi,2025,11,3,2,0,0,2025-11-01,4
Cotopaxi,2025,12,4,2,0,1,2025-12-01,4
Cotopaxi,2026,1,3,3,0,0,2026-01-01,1
Cotopaxi,2026,2,2,1,0,0,2026-02-01,1
Cotopaxi,2026,3,4,2,0,0,2026-03-01,1
Cotopaxi,2026,4,4,1,0,1,2026-04-01,2
Cotopaxi,2026,5,4,4,0,0,2026-05-01,2
Cotopaxi,2026,6,4,2,0,0,2026-06-01,2
El Oro,2014,1,11,7,0,0,2014-01-01,1
El Oro,2014,2,4,3,0,0,2014-02-01,1
El Oro,2014,3,6,3,0,0,2014-03-01,1
El Oro,2014,4,11,9,0,0,2014-04-01,2
El Oro,2014,5,6,5,0,0,2014-05-01,2
El Oro,2014,6,6,1,0,0,2014-06-01,2
El Oro,2014,7,5,4,0,0,2014-07-01,3
El Oro,2014,8,1,0,0,0,2014-08-01,3
El Oro,2014,9,7,5,0,0,2014-09-01,3
El Oro,2014,10,4,1,0,0,2014-10-01,4
El Oro,2014,11,8,8,0,0,2014-11-01,4
El Oro,2014,12,9,5,1,1,2014-12-01,4
El Oro,2015,1,3,2,0,0,2015-01-01,1
El Oro,2015,2,7,6,0,0,2015-02-01,1
El Oro,2015,3,10,8,0,1,2015-03-01,1
El Oro,2015,4,3,3,0,0,2015-04-01,2
El Oro,2015,5,5,4,0,0,2015-05-01,2
El Oro,2015,6,8,5,0,0,2015-06-01,2
El Oro,2015,7,2,1,0,0,2015-07-01,3
El Oro,2015,8,6,4,1,1,2015-08-01,3
El Oro,2015,9,6,5,0,0,2015-09-01,3
El Oro,2015,10,6,5,0,1,2015-10-01,4
El Oro,2015,11,4,0,0,0,2015-11-01,4
El Oro,2015,12,3,3,0,0,2015-12-01,4
El Oro,2016,1,4,4,0,0,2016-01-01,1
El Oro,2016,2,10,8,0,1,2016-02-01,1
El Oro,2016,3,2,1,0,0,2016-03-01,1
El Oro,2016,4,3,2,0,0,2016-04-01,2
El Oro,2016,5,5,4,0,0,2016-05-01,2
El Oro,2016,6,10,8,0,2,2016-06-01,2
El Oro,2016,7,5,4,0,0,2016-07-01,3
El Oro,2016,8,4,1,0,0,2016-08-01,3
El Oro,2016,9,3,3,0,0,2016-09-01,3
El Oro,2016,10,5,2,0,2,2016-10-01,4
El Oro,2016,11,3,3,0,0,2016-11-01,4
El Oro,2016,12,8,8,0,0,2016-12-01,4
El Oro,2017,1,11,7,0,2,2017-01-01,1
El Oro,2017,2,5,5,0,0,2017-02-01,1
El Oro,2017,3,4,1,0,0,2017-03-01,1
El Oro,2017,4,5,4,0,1,2017-04-01,2
El Oro,2017,5,4,4,0,0,2017-05-01,2
El Oro,2017,6,3,2,0,0,2017-06-01,2
El Oro,2017,7,2,2,0,0,2017-07-01,3
El Oro,2017,8,2,1,0,0,2017-08-01,3
El Oro,2017,9,6,5,0,0,2017-09-01,3
El Oro,2017,10,5,4,0,0,2017-10-01,4
El Oro,2017,11,5,2,0,2,2017-11-01,4
El Oro,2017,12,4,1,0,0,2017-12-01,4
El Oro,2018,1,4,4,0,0,2018-01-01,1
El Oro,2018,2,5,5,0,0,2018-02-01,1
El Oro,2018,3,2,2,0,0,2018-03-01,1
El Oro,2018,4,6,4,1,0,2018-04-01,2
El Oro,2018,5,7,6,0,1,2018-05-01,2
El Oro,2018,6,5,4,0,0,2018-06-01,2
El Oro,2018,7,3,2,0,1,2018-07-01,3
El Oro,2018,8,4,4,0,0,2018-08-01,3
El Oro,2018,9,4,3,0,0,2018-09-01,3
El Oro,2018,10,3,3,0,0,2018-10-01,4
El Oro,2018,11,7,5,1,0,2018-11-01,4
El Oro,2018,12,4,2,0,1,2018-12-01,4
El Oro,2019,1,5,4,0,0,2019-01-01,1
El Oro,2019,2,9,7,0,0,2019-02-01,1
El Oro,2019,3,3,3,0,0,2019-03-01,1
El Oro,2019,4,4,2,0,0,2019-04-01,2
El Oro,2019,5,4,2,0,0,2019-05-01,2
El Oro,2019,6,14,7,0,4,2019-06-01,2
El Oro,2019,7,2,2,0,0,2019-07-01,3
El Oro,2019,8,11,8,0,0,2019-08-01,3
El Oro,2019,9,8,5,1,0,2019-09-01,3
El Oro,2019,10,5,2,0,1,2019-10-01,4
El Oro,2019,11,11,10,0,0,2019-11-01,4
El Oro,2019,12,11,9,0,0,2019-12-01,4
El Oro,2020,1,7,3,0,0,2020-01-01,1
El Oro,2020,2,9,8,0,0,2020-02-01,1
El Oro,2020,3,9,6,0,0,2020-03-01,1
El Oro,2020,4,3,2,0,0,2020-04-01,2
El Oro,2020,5,9,6,0,2,2020-05-01,2
El Oro,2020,6,8,5,0,0,2020-06-01,2
El Oro,2020,7,6,5,0,0,2020-07-01,3
El Oro,2020,8,6,3,1,1,2020-08-01,3
El Oro,2020,9,5,5,0,0,2020-09-01,3
El Oro,2020,10,11,11,0,0,2020-10-01,4
El Oro,2020,11,13,13,0,0,2020-11-01,4
El Oro,2020,12,9,7,1,0,2020-12-01,4
El Oro,2021,1,12,11,0,0,2021-01-01,1
El Oro,2021,2,14,14,0,0,2021-02-01,1
El Oro,2021,3,10,9,0,0,2021-03-01,1
El Oro,2021,4,12,12,0,0,2021-04-01,2
El Oro,2021,5,13,11,0,0,2021-05-01,2
El Oro,2021,6,11,10,0,0,2021-06-01,2
El Oro,2021,7,7,7,0,0,2021-07-01,3
El Oro,2021,8,18,18,0,0,2021-08-01,3
El Oro,2021,9,11,9,0,1,2021-09-01,3
El Oro,2021,10,12,10,0,1,2021-10-01,4
El Oro,2021,11,11,8,0,0,2021-11-01,4
El Oro,2021,12,15,13,0,1,2021-12-01,4
El Oro,2022,1,17,13,3,0,2022-01-01,1
El Oro,2022,2,21,21,0,0,2022-02-01,1
El Oro,2022,3,27,24,3,0,2022-03-01,1
El Oro,2022,4,19,18,0,1,2022-04-01,2
El Oro,2022,5,23,23,0,0,2022-05-01,2
El Oro,2022,6,27,27,0,0,2022-06-01,2
El Oro,2022,7,32,30,1,0,2022-07-01,3
El Oro,2022,8,24,22,0,0,2022-08-01,3
El Oro,2022,9,27,25,0,0,2022-09-01,3
El Oro,2022,10,21,18,1,2,2022-10-01,4
El Oro,2022,11,23,23,0,0,2022-11-01,4
El Oro,2022,12,33,32,0,0,2022-12-01,4
El Oro,2023,1,53,51,0,0,2023-01-01,1
El Oro,2023,2,40,40,0,0,2023-02-01,1
El Oro,2023,3,58,53,0,1,2023-03-01,1
El Oro,2023,4,50,48,0,1,2023-04-01,2
El Oro,2023,5,55,54,0,0,2023-05-01,2
El Oro,2023,6,46,45,0,0,2023-06-01,2
El Oro,2023,7,49,46,1,2,2023-07-01,3
El Oro,2023,8,41,40,0,0,2023-08-01,3
El Oro,2023,9,70,67,1,1,2023-09-01,3
El Oro,2023,10,54,53,0,0,2023-10-01,4
El Oro,2023,11,26,23,0,2,2023-11-01,4
El Oro,2023,12,26,26,0,0,2023-12-01,4
El Oro,2024,1,13,13,0,0,2024-01-01,1
El Oro,2024,2,16,16,0,0,2024-02-01,1
El Oro,2024,3,12,10,1,0,2024-03-01,1
El Oro,2024,4,20,17,0,0,2024-04-01,2
El Oro,2024,5,36,33,0,2,2024-05-01,2
El Oro,2024,6,62,60,0,2,2024-06-01,2
El Oro,2024,7,68,67,0,0,2024-07-01,3
El Oro,2024,8,52,51,0,0,2024-08-01,3
El Oro,2024,9,70,69,0,0,2024-09-01,3
El Oro,2024,10,90,88,0,1,2024-10-01,4
El Oro,2024,11,74,72,0,0,2024-11-01,4
El Oro,2024,12,83,83,0,0,2024-12-01,4
El Oro,2025,1,65,62,0,0,2025-01-01,1
El Oro,2025,2,43,42,0,0,2025-02-01,1
El Oro,2025,3,58,58,0,0,2025-03-01,1
El Oro,2025,4,44,44,0,0,2025-04-01,2
El Oro,2025,5,65,64,0,0,2025-05-01,2
El Oro,2025,6,44,42,0,1,2025-06-01,2
El Oro,2025,7,39,39,0,0,2025-07-01,3
El Oro,2025,8,87,86,0,1,2025-08-01,3
El Oro,2025,9,81,80,0,0,2025-09-01,3
El Oro,2025,10,73,71,1,0,2025-10-01,4
El Oro,2025,11,114,113,1,0,2025-11-01,4
El Oro,2025,12,82,81,0,0,2025-12-01,4
El Oro,2026,1,88,87,0,0,2026-01-01,1
El Oro,2026,2,100,99,0,1,2026-02-01,1
El Oro,2026,3,87,85,0,2,2026-03-01,1
El Oro,2026,4,84,81,0,2,2026-04-01,2
El Oro,2026,5,73,72,0,1,2026-05-01,2
El Oro,2026,6,89,86,3,0,2026-06-01,2
Esmeraldas,2014,1,19,16,0,0,2014-01-01,1
Esmeraldas,2014,2,8,7,0,0,2014-02-01,1
Esmeraldas,2014,3,12,8,0,0,2014-03-01,1
Esmeraldas,2014,4,8,7,0,0,2014-04-01,2
Esmeraldas,2014,5,10,9,0,0,2014-05-01,2
Esmeraldas,2014,6,13,10,0,0,2014-06-01,2
Esmeraldas,2014,7,10,8,0,0,2014-07-01,3
Esmeraldas,2014,8,17,13,0,1,2014-08-01,3
Esmeraldas,2014,9,7,5,0,0,2014-09-01,3
Esmeraldas,2014,10,8,5,1,0,2014-10-01,4
Esmeraldas,2014,11,12,10,0,0,2014-11-01,4
Esmeraldas,2014,12,8,8,0,0,2014-12-01,4
Esmeraldas,2015,1,12,9,0,1,2015-01-01,1
Esmeraldas,2015,2,4,4,0,0,2015-02-01,1
Esmeraldas,2015,3,10,8,1,0,2015-03-01,1
Esmeraldas,2015,4,6,4,2,0,2015-04-01,2
Esmeraldas,2015,5,9,8,0,0,2015-05-01,2
Esmeraldas,2015,6,9,7,1,0,2015-06-01,2
Esmeraldas,2015,7,4,4,0,0,2015-07-01,3
Esmeraldas,2015,8,10,9,0,0,2015-08-01,3
Esmeraldas,2015,9,6,5,0,0,2015-09-01,3
Esmeraldas,2015,10,11,8,1,0,2015-10-01,4
Esmeraldas,2015,11,7,7,0,0,2015-11-01,4
Esmeraldas,2015,12,5,4,0,1,2015-12-01,4
Esmeraldas,2016,1,6,5,0,0,2016-01-01,1
Esmeraldas,2016,2,7,6,1,0,2016-02-01,1
Esmeraldas,2016,3,9,8,0,0,2016-03-01,1
Esmeraldas,2016,4,8,6,0,0,2016-04-01,2
Esmeraldas,2016,5,11,11,0,0,2016-05-01,2
Esmeraldas,2016,6,5,5,0,0,2016-06-01,2
Esmeraldas,2016,7,8,8,0,0,2016-07-01,3
Esmeraldas,2016,8,7,5,0,1,2016-08-01,3
Esmeraldas,2016,9,2,2,0,0,2016-09-01,3
Esmeraldas,2016,10,4,4,0,0,2016-10-01,4
Esmeraldas,2016,11,3,3,0,0,2016-11-01,4
Esmeraldas,2016,12,4,4,0,0,2016-12-01,4
Esmeraldas,2017,1,2,1,0,0,2017-01-01,1
Esmeraldas,2017,2,7,6,0,0,2017-02-01,1
Esmeraldas,2017,3,8,4,0,3,2017-03-01,1
Esmeraldas,2017,4,6,5,0,1,2017-04-01,2
Esmeraldas,2017,5,5,4,0,0,2017-05-01,2
Esmeraldas,2017,6,6,6,0,0,2017-06-01,2
Esmeraldas,2017,7,4,4,0,0,2017-07-01,3
Esmeraldas,2017,8,5,5,0,0,2017-08-01,3
Esmeraldas,2017,9,6,5,0,1,2017-09-01,3
Esmeraldas,2017,10,4,3,0,1,2017-10-01,4
Esmeraldas,2017,11,6,5,0,0,2017-11-01,4
Esmeraldas,2017,12,4,4,0,0,2017-12-01,4
Esmeraldas,2018,1,6,4,0,1,2018-01-01,1
Esmeraldas,2018,2,9,7,0,1,2018-02-01,1
Esmeraldas,2018,3,7,6,0,1,2018-03-01,1
Esmeraldas,2018,4,7,2,0,1,2018-04-01,2
Esmeraldas,2018,5,5,4,0,0,2018-05-01,2
Esmeraldas,2018,6,11,8,0,1,2018-06-01,2
Esmeraldas,2018,7,10,7,0,0,2018-07-01,3
Esmeraldas,2018,8,6,5,0,0,2018-08-01,3
Esmeraldas,2018,9,6,5,0,1,2018-09-01,3
Esmeraldas,2018,10,5,3,0,0,2018-10-01,4
Esmeraldas,2018,11,4,4,0,0,2018-11-01,4
Esmeraldas,2018,12,3,1,0,0,2018-12-01,4
Esmeraldas,2019,1,2,2,0,0,2019-01-01,1
Esmeraldas,2019,2,7,5,0,0,2019-02-01,1
Esmeraldas,2019,3,7,6,0,0,2019-03-01,1
Esmeraldas,2019,4,7,6,0,0,2019-04-01,2
Esmeraldas,2019,5,6,5,0,0,2019-05-01,2
Esmeraldas,2019,6,4,3,0,0,2019-06-01,2
Esmeraldas,2019,7,2,2,0,0,2019-07-01,3
Esmeraldas,2019,8,3,3,0,0,2019-08-01,3
Esmeraldas,2019,9,5,5,0,0,2019-09-01,3
Esmeraldas,2019,10,8,5,0,0,2019-10-01,4
Esmeraldas,2019,11,6,5,0,0,2019-11-01,4
Esmeraldas,2019,12,10,8,0,0,2019-12-01,4
Esmeraldas,2020,1,1,0,0,0,2020-01-01,1
Esmeraldas,2020,2,7,6,0,0,2020-02-01,1
Esmeraldas,2020,3,2,2,0,0,2020-03-01,1
Esmeraldas,2020,4,1,1,0,0,2020-04-01,2
Esmeraldas,2020,5,4,3,0,0,2020-05-01,2
Esmeraldas,2020,6,7,5,0,0,2020-06-01,2
Esmeraldas,2020,7,3,3,0,0,2020-07-01,3
Esmeraldas,2020,8,8,6,0,0,2020-08-01,3
Esmeraldas,2020,9,13,11,1,0,2020-09-01,3
Esmeraldas,2020,10,7,7,0,0,2020-10-01,4
Esmeraldas,2020,11,10,8,0,1,2020-11-01,4
Esmeraldas,2020,12,17,16,0,0,2020-12-01,4
Esmeraldas,2021,1,9,8,0,0,2021-01-01,1
Esmeraldas,2021,2,7,5,0,0,2021-02-01,1
Esmeraldas,2021,3,7,7,0,0,2021-03-01,1
Esmeraldas,2021,4,14,13,0,1,2021-04-01,2
Esmeraldas,2021,5,11,11,0,0,2021-05-01,2
Esmeraldas,2021,6,13,12,0,1,2021-06-01,2
Esmeraldas,2021,7,13,10,0,1,2021-07-01,3
Esmeraldas,2021,8,10,9,0,0,2021-08-01,3
Esmeraldas,2021,9,14,13,0,0,2021-09-01,3
Esmeraldas,2021,10,11,9,0,0,2021-10-01,4
Esmeraldas,2021,11,20,19,0,1,2021-11-01,4
Esmeraldas,2021,12,22,19,1,0,2021-12-01,4
Esmeraldas,2022,1,26,26,0,0,2022-01-01,1
Esmeraldas,2022,2,45,43,0,1,2022-02-01,1
Esmeraldas,2022,3,41,41,0,0,2022-03-01,1
Esmeraldas,2022,4,42,41,0,0,2022-04-01,2
Esmeraldas,2022,5,51,49,0,1,2022-05-01,2
Esmeraldas,2022,6,37,36,0,0,2022-06-01,2
Esmeraldas,2022,7,47,46,0,0,2022-07-01,3
Esmeraldas,2022,8,44,41,0,0,2022-08-01,3
Esmeraldas,2022,9,66,66,0,0,2022-09-01,3
Esmeraldas,2022,10,52,51,0,1,2022-10-01,4
Esmeraldas,2022,11,41,41,0,0,2022-11-01,4
Esmeraldas,2022,12,36,34,0,1,2022-12-01,4
Esmeraldas,2023,1,35,34,0,0,2023-01-01,1
Esmeraldas,2023,2,36,35,0,0,2023-02-01,1
Esmeraldas,2023,3,50,46,0,1,2023-03-01,1
Esmeraldas,2023,4,53,50,0,0,2023-04-01,2
Esmeraldas,2023,5,28,26,1,0,2023-05-01,2
Esmeraldas,2023,6,47,43,2,0,2023-06-01,2
Esmeraldas,2023,7,38,38,0,0,2023-07-01,3
Esmeraldas,2023,8,33,31,0,1,2023-08-01,3
Esmeraldas,2023,9,39,33,0,3,2023-09-01,3
Esmeraldas,2023,10,38,37,0,0,2023-10-01,4
Esmeraldas,2023,11,37,35,1,0,2023-11-01,4
Esmeraldas,2023,12,44,42,1,0,2023-12-01,4
Esmeraldas,2024,1,39,36,1,1,2024-01-01,1
Esmeraldas,2024,2,14,13,0,1,2024-02-01,1
Esmeraldas,2024,3,12,12,0,0,2024-03-01,1
Esmeraldas,2024,4,17,15,0,1,2024-04-01,2
Esmeraldas,2024,5,19,17,0,0,2024-05-01,2
Esmeraldas,2024,6,34,29,0,1,2024-06-01,2
Esmeraldas,2024,7,26,24,0,0,2024-07-01,3
Esmeraldas,2024,8,31,29,0,0,2024-08-01,3
Esmeraldas,2024,9,25,23,0,0,2024-09-01,3
Esmeraldas,2024,10,19,16,0,1,2024-10-01,4
Esmeraldas,2024,11,35,31,0,0,2024-11-01,4
Esmeraldas,2024,12,27,25,0,1,2024-12-01,4
Esmeraldas,2025,1,30,26,1,2,2025-01-01,1
Esmeraldas,2025,2,31,29,0,1,2025-02-01,1
Esmeraldas,2025,3,42,41,0,0,2025-03-01,1
Esmeraldas,2025,4,32,30,0,1,2025-04-01,2
Esmeraldas,2025,5,27,26,0,0,2025-05-01,2
Esmeraldas,2025,6,27,26,0,1,2025-06-01,2
Esmeraldas,2025,7,19,19,0,0,2025-07-01,3
Esmeraldas,2025,8,13,11,0,1,2025-08-01,3
Esmeraldas,2025,9,42,41,0,0,2025-09-01,3
Esmeraldas,2025,10,28,28,0,0,2025-10-01,4
Esmeraldas,2025,11,38,36,0,1,2025-11-01,4
Esmeraldas,2025,12,36,36,0,0,2025-12-01,4
Esmeraldas,2026,1,21,19,0,0,2026-01-01,1
Esmeraldas,2026,2,25,23,0,0,2026-02-01,1
Esmeraldas,2026,3,27,26,1,0,2026-03-01,1
Esmeraldas,2026,4,29,29,0,0,2026-04-01,2
Esmeraldas,2026,5,27,26,0,0,2026-05-01,2
Esmeraldas,2026,6,43,41,0,1,2026-06-01,2
Galápagos,2017,4,1,1,0,0,2017-04-01,2
Galápagos,2020,5,1,0,0,1,2020-05-01,2
Guayas,2014,1,46,36,4,0,2014-01-01,1
Guayas,2014,2,26,18,2,0,2014-02-01,1
Guayas,2014,3,40,34,1,0,2014-03-01,1
Guayas,2014,4,30,24,2,0,2014-04-01,2
Guayas,2014,5,28,18,1,0,2014-05-01,2
Guayas,2014,6,40,35,0,0,2014-06-01,2
Guayas,2014,7,16,13,3,0,2014-07-01,3
Guayas,2014,8,32,20,3,1,2014-08-01,3
Guayas,2014,9,26,19,1,0,2014-09-01,3
Guayas,2014,10,23,17,1,2,2014-10-01,4
Guayas,2014,11,37,30,2,0,2014-11-01,4
Guayas,2014,12,38,25,4,1,2014-12-01,4
Guayas,2015,1,21,14,5,0,2015-01-01,1
Guayas,2015,2,19,17,2,0,2015-02-01,1
Guayas,2015,3,34,27,1,0,2015-03-01,1
Guayas,2015,4,32,28,3,1,2015-04-01,2
Guayas,2015,5,34,31,0,1,2015-05-01,2
Guayas,2015,6,34,28,1,1,2015-06-01,2
Guayas,2015,7,28,22,2,2,2015-07-01,3
Guayas,2015,8,20,20,0,0,2015-08-01,3
Guayas,2015,9,24,22,2,0,2015-09-01,3
Guayas,2015,10,32,25,2,1,2015-10-01,4
Guayas,2015,11,26,19,0,0,2015-11-01,4
Guayas,2015,12,23,18,1,2,2015-12-01,4
Guayas,2016,1,34,27,1,2,2016-01-01,1
Guayas,2016,2,20,18,0,1,2016-02-01,1
Guayas,2016,3,14,9,0,2,2016-03-01,1
Guayas,2016,4,29,26,0,0,2016-04-01,2
Guayas,2016,5,26,23,0,1,2016-05-01,2
Guayas,2016,6,33,30,0,3,2016-06-01,2
Guayas,2016,7,22,15,0,0,2016-07-01,3
Guayas,2016,8,20,19,0,0,2016-08-01,3
Guayas,2016,9,24,18,1,2,2016-09-01,3
Guayas,2016,10,17,16,0,0,2016-10-01,4
Guayas,2016,11,31,26,0,1,2016-11-01,4
Guayas,2016,12,23,17,2,2,2016-12-01,4
Guayas,2017,1,22,18,0,3,2017-01-01,1
Guayas,2017,2,20,18,0,2,2017-02-01,1
Guayas,2017,3,27,23,0,2,2017-03-01,1
Guayas,2017,4,23,22,0,1,2017-04-01,2
Guayas,2017,5,36,34,0,2,2017-05-01,2
Guayas,2017,6,24,22,0,1,2017-06-01,2
Guayas,2017,7,21,20,0,0,2017-07-01,3
Guayas,2017,8,21,17,0,1,2017-08-01,3
Guayas,2017,9,24,20,0,0,2017-09-01,3
Guayas,2017,10,27,24,0,1,2017-10-01,4
Guayas,2017,11,17,16,0,0,2017-11-01,4
Guayas,2017,12,24,21,0,2,2017-12-01,4
Guayas,2018,1,28,26,0,0,2018-01-01,1
Guayas,2018,2,18,16,0,1,2018-02-01,1
Guayas,2018,3,28,25,0,0,2018-03-01,1
Guayas,2018,4,26,22,0,2,2018-04-01,2
Guayas,2018,5,29,26,0,1,2018-05-01,2
Guayas,2018,6,26,21,0,4,2018-06-01,2
Guayas,2018,7,16,14,0,1,2018-07-01,3
Guayas,2018,8,19,19,0,0,2018-08-01,3
Guayas,2018,9,35,32,0,1,2018-09-01,3
Guayas,2018,10,22,19,0,2,2018-10-01,4
Guayas,2018,11,26,21,3,1,2018-11-01,4
Guayas,2018,12,18,16,0,1,2018-12-01,4
Guayas,2019,1,22,18,1,0,2019-01-01,1
Guayas,2019,2,24,22,0,1,2019-02-01,1
Guayas,2019,3,32,26,0,2,2019-03-01,1
Guayas,2019,4,46,41,0,3,2019-04-01,2
Guayas,2019,5,41,36,0,3,2019-05-01,2
Guayas,2019,6,35,34,0,1,2019-06-01,2
Guayas,2019,7,32,30,0,1,2019-07-01,3
Guayas,2019,8,29,27,0,0,2019-08-01,3
Guayas,2019,9,37,34,0,2,2019-09-01,3
Guayas,2019,10,41,37,0,2,2019-10-01,4
Guayas,2019,11,39,36,0,1,2019-11-01,4
Guayas,2019,12,32,28,0,1,2019-12-01,4
Guayas,2020,1,50,45,0,2,2020-01-01,1
Guayas,2020,2,41,38,0,0,2020-02-01,1
Guayas,2020,3,29,26,0,0,2020-03-01,1
Guayas,2020,4,41,39,0,1,2020-04-01,2
Guayas,2020,5,40,36,0,2,2020-05-01,2
Guayas,2020,6,46,45,0,0,2020-06-01,2
Guayas,2020,7,44,43,1,0,2020-07-01,3
Guayas,2020,8,45,40,1,1,2020-08-01,3
Guayas,2020,9,40,36,0,3,2020-09-01,3
Guayas,2020,10,56,52,0,0,2020-10-01,4
Guayas,2020,11,50,48,0,1,2020-11-01,4
Guayas,2020,12,45,43,0,2,2020-12-01,4
Guayas,2021,1,54,49,0,0,2021-01-01,1
Guayas,2021,2,91,88,0,2,2021-02-01,1
Guayas,2021,3,85,81,0,1,2021-03-01,1
Guayas,2021,4,76,71,0,3,2021-04-01,2
Guayas,2021,5,69,65,0,3,2021-05-01,2
Guayas,2021,6,71,66,0,0,2021-06-01,2
Guayas,2021,7,88,83,3,0,2021-07-01,3
Guayas,2021,8,86,82,0,1,2021-08-01,3
Guayas,2021,9,205,202,0,0,2021-09-01,3
Guayas,2021,10,113,102,0,1,2021-10-01,4
Guayas,2021,11,155,150,0,2,2021-11-01,4
Guayas,2021,12,100,93,1,2,2021-12-01,4
Guayas,2022,1,134,129,1,1,2022-01-01,1
Guayas,2022,2,153,152,0,1,2022-02-01,1
Guayas,2022,3,163,159,0,1,2022-03-01,1
Guayas,2022,4,163,158,0,2,2022-04-01,2
Guayas,2022,5,164,159,0,1,2022-05-01,2
Guayas,2022,6,138,131,2,3,2022-06-01,2
Guayas,2022,7,153,149,0,2,2022-07-01,3
Guayas,2022,8,174,167,2,1,2022-08-01,3
Guayas,2022,9,187,182,4,1,2022-09-01,3
Guayas,2022,10,195,192,2,0,2022-10-01,4
Guayas,2022,11,188,174,5,3,2022-11-01,4
Guayas,2022,12,247,241,0,2,2022-12-01,4
Guayas,2023,1,232,229,0,1,2023-01-01,1
Guayas,2023,2,237,230,2,2,2023-02-01,1
Guayas,2023,3,289,273,0,4,2023-03-01,1
Guayas,2023,4,320,312,1,1,2023-04-01,2
Guayas,2023,5,317,310,1,2,2023-05-01,2
Guayas,2023,6,322,317,2,1,2023-06-01,2
Guayas,2023,7,389,382,0,1,2023-07-01,3
Guayas,2023,8,272,269,0,1,2023-08-01,3
Guayas,2023,9,400,395,1,1,2023-09-01,3
Guayas,2023,10,352,345,2,3,2023-10-01,4
Guayas,2023,11,365,360,0,0,2023-11-01,4
Guayas,2023,12,350,344,0,2,2023-12-01,4
Guayas,2024,1,260,257,0,2,2024-01-01,1
Guayas,2024,2,162,157,0,2,2024-02-01,1
Guayas,2024,3,232,226,0,3,2024-03-01,1
Guayas,2024,4,256,252,1,0,2024-04-01,2
Guayas,2024,5,241,231,0,3,2024-05-01,2
Guayas,2024,6,263,260,1,0,2024-06-01,2
Guayas,2024,7,266,260,2,1,2024-07-01,3
Guayas,2024,8,295,287,0,1,2024-08-01,3
Guayas,2024,9,304,298,1,1,2024-09-01,3
Guayas,2024,10,320,317,1,1,2024-10-01,4
Guayas,2024,11,304,298,1,2,2024-11-01,4
Guayas,2024,12,344,339,3,2,2024-12-01,4
Guayas,2025,1,401,395,0,2,2025-01-01,1
Guayas,2025,2,391,385,1,1,2025-02-01,1
Guayas,2025,3,446,442,1,1,2025-03-01,1
Guayas,2025,4,351,345,0,0,2025-04-01,2
Guayas,2025,5,469,461,0,0,2025-05-01,2
Guayas,2025,6,247,242,1,0,2025-06-01,2
Guayas,2025,7,255,251,1,1,2025-07-01,3
Guayas,2025,8,291,278,3,2,2025-08-01,3
Guayas,2025,9,319,313,0,0,2025-09-01,3
Guayas,2025,10,278,268,0,0,2025-10-01,4
Guayas,2025,11,354,352,0,0,2025-11-01,4
Guayas,2025,12,338,331,4,0,2025-12-01,4
Guayas,2026,1,340,334,2,0,2026-01-01,1
Guayas,2026,2,299,290,6,2,2026-02-01,1
Guayas,2026,3,301,298,0,0,2026-03-01,1
Guayas,2026,4,284,272,4,3,2026-04-01,2
Guayas,2026,5,290,286,0,3,2026-05-01,2
Guayas,2026,6,247,243,0,0,2026-06-01,2
Imbabura,2014,1,2,1,0,0,2014-01-01,1
Imbabura,2014,2,4,0,0,0,2014-02-01,1
Imbabura,2014,3,1,0,0,0,2014-03-01,1
Imbabura,2014,4,2,2,0,0,2014-04-01,2
Imbabura,2014,6,2,2,0,0,2014-06-01,2
Imbabura,2014,8,7,3,0,1,2014-08-01,3
Imbabura,2014,9,1,1,0,0,2014-09-01,3
Imbabura,2014,10,1,1,0,0,2014-10-01,4
Imbabura,2014,12,3,2,0,0,2014-12-01,4
Imbabura,2015,2,3,3,0,0,2015-02-01,1
Imbabura,2015,3,2,2,0,0,2015-03-01,1
Imbabura,2015,4,1,1,0,0,2015-04-01,2
Imbabura,2015,5,2,2,0,0,2015-05-01,2
Imbabura,2015,6,1,0,0,0,2015-06-01,2
Imbabura,2015,7,2,1,0,1,2015-07-01,3
Imbabura,2015,8,1,1,0,0,2015-08-01,3
Imbabura,2015,9,3,1,0,0,2015-09-01,3
Imbabura,2015,10,3,3,0,0,2015-10-01,4
Imbabura,2015,11,4,2,0,0,2015-11-01,4
Imbabura,2015,12,1,1,0,0,2015-12-01,4
Imbabura,2016,1,2,1,0,0,2016-01-01,1
Imbabura,2016,2,1,0,0,1,2016-02-01,1
Imbabura,2016,3,2,0,0,1,2016-03-01,1
Imbabura,2016,5,1,1,0,0,2016-05-01,2
Imbabura,2016,8,3,2,0,0,2016-08-01,3
Imbabura,2016,9,2,1,0,1,2016-09-01,3
Imbabura,2016,10,1,1,0,0,2016-10-01,4
Imbabura,2016,12,3,0,0,1,2016-12-01,4
Imbabura,2017,1,2,1,0,1,2017-01-01,1
Imbabura,2017,2,1,1,0,0,2017-02-01,1
Imbabura,2017,3,2,1,0,0,2017-03-01,1
Imbabura,2017,4,2,2,0,0,2017-04-01,2
Imbabura,2017,5,2,2,0,0,2017-05-01,2
Imbabura,2017,6,1,1,0,0,2017-06-01,2
Imbabura,2017,7,2,1,0,0,2017-07-01,3
Imbabura,2017,8,1,1,0,0,2017-08-01,3
Imbabura,2017,9,1,1,0,0,2017-09-01,3
Imbabura,2018,2,1,0,0,0,2018-02-01,1
Imbabura,2018,3,4,3,0,0,2018-03-01,1
Imbabura,2018,4,2,1,0,0,2018-04-01,2
Imbabura,2018,5,4,1,0,2,2018-05-01,2
Imbabura,2018,6,2,2,0,0,2018-06-01,2
Imbabura,2018,7,2,0,0,0,2018-07-01,3
Imbabura,2018,8,2,0,0,0,2018-08-01,3
Imbabura,2018,9,1,1,0,0,2018-09-01,3
Imbabura,2018,10,1,0,0,0,2018-10-01,4
Imbabura,2018,11,1,1,0,0,2018-11-01,4
Imbabura,2018,12,4,3,0,0,2018-12-01,4
Imbabura,2019,1,3,0,0,1,2019-01-01,1
Imbabura,2019,2,2,2,0,0,2019-02-01,1
Imbabura,2019,3,3,2,0,0,2019-03-01,1
Imbabura,2019,4,3,3,0,0,2019-04-01,2
Imbabura,2019,5,2,2,0,0,2019-05-01,2
Imbabura,2019,6,7,6,0,0,2019-06-01,2
Imbabura,2019,8,1,1,0,0,2019-08-01,3
Imbabura,2019,9,1,1,0,0,2019-09-01,3
Imbabura,2019,10,4,2,0,0,2019-10-01,4
Imbabura,2020,1,2,2,0,0,2020-01-01,1
Imbabura,2020,2,4,3,0,1,2020-02-01,1
Imbabura,2020,4,3,3,0,0,2020-04-01,2
Imbabura,2020,5,1,0,0,0,2020-05-01,2
Imbabura,2020,6,1,0,0,0,2020-06-01,2
Imbabura,2020,7,1,1,0,0,2020-07-01,3
Imbabura,2020,8,1,0,0,1,2020-08-01,3
Imbabura,2020,9,4,2,0,0,2020-09-01,3
Imbabura,2020,10,2,1,0,1,2020-10-01,4
Imbabura,2020,12,3,1,0,2,2020-12-01,4
Imbabura,2021,2,1,1,0,0,2021-02-01,1
Imbabura,2021,3,1,0,0,0,2021-03-01,1
Imbabura,2021,4,2,0,0,0,2021-04-01,2
Imbabura,2021,6,5,3,0,0,2021-06-01,2
Imbabura,2021,7,2,0,0,2,2021-07-01,3
Imbabura,2021,8,2,1,0,0,2021-08-01,3
Imbabura,2021,9,3,2,0,0,2021-09-01,3
Imbabura,2021,11,4,4,0,0,2021-11-01,4
Imbabura,2021,12,2,1,0,0,2021-12-01,4
Imbabura,2022,1,1,0,0,1,2022-01-01,1
Imbabura,2022,2,2,1,0,1,2022-02-01,1
Imbabura,2022,3,2,2,0,0,2022-03-01,1
Imbabura,2022,4,3,1,1,0,2022-04-01,2
Imbabura,2022,5,1,1,0,0,2022-05-01,2
Imbabura,2022,7,2,1,0,1,2022-07-01,3
Imbabura,2022,8,2,0,0,0,2022-08-01,3
Imbabura,2022,9,1,0,0,0,2022-09-01,3
Imbabura,2022,11,1,1,0,0,2022-11-01,4
Imbabura,2022,12,1,0,0,1,2022-12-01,4
Imbabura,2023,2,3,1,0,2,2023-02-01,1
Imbabura,2023,3,8,3,0,0,2023-03-01,1
Imbabura,2023,4,1,1,0,0,2023-04-01,2
Imbabura,2023,5,2,0,0,0,2023-05-01,2
Imbabura,2023,6,3,1,0,1,2023-06-01,2
Imbabura,2023,7,5,2,0,0,2023-07-01,3
Imbabura,2023,8,3,3,0,0,2023-08-01,3
Imbabura,2023,9,3,3,0,0,2023-09-01,3
Imbabura,2023,10,1,0,0,0,2023-10-01,4
Imbabura,2023,11,1,1,0,0,2023-11-01,4
Imbabura,2023,12,2,0,0,0,2023-12-01,4
Imbabura,2024,1,2,1,0,0,2024-01-01,1
Imbabura,2024,2,2,0,0,0,2024-02-01,1
Imbabura,2024,3,4,1,0,1,2024-03-01,1
Imbabura,2024,4,3,2,0,0,2024-04-01,2
Imbabura,2024,5,4,1,0,1,2024-05-01,2
Imbabura,2024,6,3,1,0,1,2024-06-01,2
Imbabura,2024,7,1,0,0,0,2024-07-01,3
Imbabura,2024,8,1,1,0,0,2024-08-01,3
Imbabura,2024,9,3,1,0,0,2024-09-01,3
Imbabura,2024,10,1,1,0,0,2024-10-01,4
Imbabura,2024,11,1,1,0,0,2024-11-01,4
Imbabura,2024,12,1,0,0,1,2024-12-01,4
Imbabura,2025,1,1,1,0,0,2025-01-01,1
Imbabura,2025,2,4,3,0,0,2025-02-01,1
Imbabura,2025,3,3,3,0,0,2025-03-01,1
Imbabura,2025,4,7,4,0,0,2025-04-01,2
Imbabura,2025,5,6,4,0,2,2025-05-01,2
Imbabura,2025,6,2,0,0,0,2025-06-01,2
Imbabura,2025,7,2,1,0,0,2025-07-01,3
Imbabura,2025,8,4,2,0,0,2025-08-01,3
Imbabura,2025,9,4,2,0,1,2025-09-01,3
Imbabura,2025,10,4,4,0,0,2025-10-01,4
Imbabura,2025,11,3,0,0,0,2025-11-01,4
Imbabura,2025,12,7,4,0,0,2025-12-01,4
Imbabura,2026,1,4,4,0,0,2026-01-01,1
Imbabura,2026,2,3,3,0,0,2026-02-01,1
Imbabura,2026,3,2,2,0,0,2026-03-01,1
Imbabura,2026,4,3,0,0,2,2026-04-01,2
Imbabura,2026,5,1,1,0,0,2026-05-01,2
Imbabura,2026,6,2,1,0,1,2026-06-01,2
Loja,2014,2,1,1,0,0,2014-02-01,1
Loja,2014,3,3,2,0,0,2014-03-01,1
Loja,2014,4,3,3,0,0,2014-04-01,2
Loja,2014,5,1,1,0,0,2014-05-01,2
Loja,2014,6,1,0,0,0,2014-06-01,2
Loja,2014,7,1,0,0,0,2014-07-01,3
Loja,2014,8,1,1,0,0,2014-08-01,3
Loja,2014,9,2,0,1,0,2014-09-01,3
Loja,2014,10,2,1,0,0,2014-10-01,4
Loja,2014,11,2,1,0,0,2014-11-01,4
Loja,2015,1,5,5,0,0,2015-01-01,1
Loja,2015,2,1,1,0,0,2015-02-01,1
Loja,2015,5,1,0,0,1,2015-05-01,2
Loja,2015,10,1,1,0,0,2015-10-01,4
Loja,2015,11,3,2,0,1,2015-11-01,4
Loja,2015,12,2,1,0,0,2015-12-01,4
Loja,2016,1,2,1,0,1,2016-01-01,1
Loja,2016,2,1,1,0,0,2016-02-01,1
Loja,2016,4,1,1,0,0,2016-04-01,2
Loja,2016,5,4,3,0,1,2016-05-01,2
Loja,2016,6,1,0,0,1,2016-06-01,2
Loja,2016,7,1,1,0,0,2016-07-01,3
Loja,2016,9,1,1,0,0,2016-09-01,3
Loja,2016,10,1,1,0,0,2016-10-01,4
Loja,2016,11,1,1,0,0,2016-11-01,4
Loja,2017,3,1,1,0,0,2017-03-01,1
Loja,2017,4,3,3,0,0,2017-04-01,2
Loja,2017,5,2,0,0,1,2017-05-01,2
Loja,2017,8,1,0,0,0,2017-08-01,3
Loja,2017,9,1,0,0,0,2017-09-01,3
Loja,2017,10,1,0,0,0,2017-10-01,4
Loja,2017,11,1,0,0,1,2017-11-01,4
Loja,2017,12,2,0,0,1,2017-12-01,4
Loja,2018,2,1,1,0,0,2018-02-01,1
Loja,2018,4,2,0,0,0,2018-04-01,2
Loja,2018,5,3,2,0,1,2018-05-01,2
Loja,2018,7,1,0,0,0,2018-07-01,3
Loja,2018,8,1,0,0,0,2018-08-01,3
Loja,2018,9,1,1,0,0,2018-09-01,3
Loja,2018,11,1,1,0,0,2018-11-01,4
Loja,2018,12,1,1,0,0,2018-12-01,4
Loja,2019,4,1,0,0,0,2019-04-01,2
Loja,2019,5,1,0,0,0,2019-05-01,2
Loja,2019,7,1,1,0,0,2019-07-01,3
Loja,2019,9,1,1,0,0,2019-09-01,3
Loja,2019,10,3,1,0,2,2019-10-01,4
Loja,2019,11,2,2,0,0,2019-11-01,4
Loja,2020,2,1,0,0,0,2020-02-01,1
Loja,2020,4,1,0,0,0,2020-04-01,2
Loja,2020,5,3,3,0,0,2020-05-01,2
Loja,2020,6,1,1,0,0,2020-06-01,2
Loja,2020,7,2,1,0,0,2020-07-01,3
Loja,2020,8,1,0,0,0,2020-08-01,3
Loja,2020,9,1,0,0,0,2020-09-01,3
Loja,2021,3,2,2,0,0,2021-03-01,1
Loja,2021,5,1,0,0,0,2021-05-01,2
Loja,2021,6,1,1,0,0,2021-06-01,2
Loja,2021,8,1,0,0,1,2021-08-01,3
Loja,2021,9,1,0,0,1,2021-09-01,3
Loja,2021,10,1,1,0,0,2021-10-01,4
Loja,2021,11,1,1,0,0,2021-11-01,4
Loja,2021,12,2,0,0,0,2021-12-01,4
Loja,2022,2,1,0,0,1,2022-02-01,1
Loja,2022,4,3,2,0,0,2022-04-01,2
Loja,2022,5,2,2,0,0,2022-05-01,2
Loja,2022,6,2,2,0,0,2022-06-01,2
Loja,2022,7,7,5,0,0,2022-07-01,3
Loja,2022,9,2,2,0,0,2022-09-01,3
Loja,2022,10,2,0,0,0,2022-10-01,4
Loja,2022,11,3,2,0,0,2022-11-01,4
Loja,2022,12,4,3,0,0,2022-12-01,4
Loja,2023,1,8,4,1,0,2023-01-01,1
Loja,2023,3,2,1,0,1,2023-03-01,1
Loja,2023,4,2,1,0,0,2023-04-01,2
Loja,2023,5,5,3,0,0,2023-05-01,2
Loja,2023,6,3,1,0,2,2023-06-01,2
Loja,2023,7,5,4,0,0,2023-07-01,3
Loja,2023,8,2,1,0,0,2023-08-01,3
Loja,2023,9,3,0,0,1,2023-09-01,3
Loja,2023,10,1,0,0,0,2023-10-01,4
Loja,2023,11,2,0,0,1,2023-11-01,4
Loja,2023,12,3,1,0,0,2023-12-01,4
Loja,2024,1,3,1,0,1,2024-01-01,1
Loja,2024,2,1,1,0,0,2024-02-01,1
Loja,2024,3,3,2,0,1,2024-03-01,1
Loja,2024,5,2,1,0,0,2024-05-01,2
Loja,2024,6,1,1,0,0,2024-06-01,2
Loja,2024,7,2,1,0,0,2024-07-01,3
Loja,2024,9,3,0,0,0,2024-09-01,3
Loja,2024,10,5,3,0,0,2024-10-01,4
Loja,2024,11,4,3,1,0,2024-11-01,4
Loja,2024,12,5,5,0,0,2024-12-01,4
Loja,2025,1,4,4,0,0,2025-01-01,1
Loja,2025,2,1,1,0,0,2025-02-01,1
Loja,2025,3,6,6,0,0,2025-03-01,1
Loja,2025,4,3,3,0,0,2025-04-01,2
Loja,2025,5,5,5,0,0,2025-05-01,2
Loja,2025,6,1,0,0,0,2025-06-01,2
Loja,2025,7,6,5,0,0,2025-07-01,3
Loja,2025,8,5,5,0,0,2025-08-01,3
Loja,2025,9,3,3,0,0,2025-09-01,3
Loja,2025,10,5,5,0,0,2025-10-01,4
Loja,2025,11,2,2,0,0,2025-11-01,4
Loja,2025,12,3,3,0,0,2025-12-01,4
Loja,2026,1,2,1,0,0,2026-01-01,1
Loja,2026,2,8,7,0,0,2026-02-01,1
Loja,2026,3,7,7,0,0,2026-03-01,1
Loja,2026,4,3,3,0,0,2026-04-01,2
Loja,2026,5,3,3,0,0,2026-05-01,2
Los Ríos,2014,1,24,22,0,0,2014-01-01,1
Los Ríos,2014,2,14,11,0,0,2014-02-01,1
Los Ríos,2014,3,19,14,0,0,2014-03-01,1
Los Ríos,2014,4,11,10,0,0,2014-04-01,2
Los Ríos,2014,5,13,12,0,0,2014-05-01,2
Los Ríos,2014,6,8,7,0,0,2014-06-01,2
Los Ríos,2014,7,12,8,0,0,2014-07-01,3
Los Ríos,2014,8,6,5,0,0,2014-08-01,3
Los Ríos,2014,9,12,10,0,0,2014-09-01,3
Los Ríos,2014,10,6,4,0,0,2014-10-01,4
Los Ríos,2014,11,5,5,0,0,2014-11-01,4
Los Ríos,2014,12,11,10,0,1,2014-12-01,4
Los Ríos,2015,1,12,11,0,0,2015-01-01,1
Los Ríos,2015,2,5,4,0,0,2015-02-01,1
Los Ríos,2015,3,2,2,0,0,2015-03-01,1
Los Ríos,2015,4,10,8,1,0,2015-04-01,2
Los Ríos,2015,5,13,13,0,0,2015-05-01,2
Los Ríos,2015,6,11,11,0,0,2015-06-01,2
Los Ríos,2015,7,5,5,0,0,2015-07-01,3
Los Ríos,2015,8,6,6,0,0,2015-08-01,3
Los Ríos,2015,9,7,6,0,0,2015-09-01,3
Los Ríos,2015,10,6,5,0,1,2015-10-01,4
Los Ríos,2015,11,1,1,0,0,2015-11-01,4
Los Ríos,2015,12,7,5,0,0,2015-12-01,4
Los Ríos,2016,1,11,6,0,2,2016-01-01,1
Los Ríos,2016,2,5,3,0,1,2016-02-01,1
Los Ríos,2016,3,8,7,0,0,2016-03-01,1
Los Ríos,2016,4,4,3,0,0,2016-04-01,2
Los Ríos,2016,5,1,1,0,0,2016-05-01,2
Los Ríos,2016,6,6,5,0,0,2016-06-01,2
Los Ríos,2016,7,9,8,0,0,2016-07-01,3
Los Ríos,2016,8,12,11,0,0,2016-08-01,3
Los Ríos,2016,9,4,4,0,0,2016-09-01,3
Los Ríos,2016,10,4,1,0,0,2016-10-01,4
Los Ríos,2016,11,10,9,0,0,2016-11-01,4
Los Ríos,2016,12,2,1,0,0,2016-12-01,4
Los Ríos,2017,1,10,7,0,1,2017-01-01,1
Los Ríos,2017,2,11,7,0,4,2017-02-01,1
Los Ríos,2017,3,8,7,0,0,2017-03-01,1
Los Ríos,2017,4,7,7,0,0,2017-04-01,2
Los Ríos,2017,5,3,2,0,0,2017-05-01,2
Los Ríos,2017,6,4,4,0,0,2017-06-01,2
Los Ríos,2017,7,5,5,0,0,2017-07-01,3
Los Ríos,2017,8,6,3,0,1,2017-08-01,3
Los Ríos,2017,9,6,6,0,0,2017-09-01,3
Los Ríos,2017,10,5,5,0,0,2017-10-01,4
Los Ríos,2017,11,9,8,0,1,2017-11-01,4
Los Ríos,2017,12,3,2,0,1,2017-12-01,4
Los Ríos,2018,1,4,3,0,0,2018-01-01,1
Los Ríos,2018,2,5,4,0,0,2018-02-01,1
Los Ríos,2018,3,9,7,0,0,2018-03-01,1
Los Ríos,2018,4,8,5,0,0,2018-04-01,2
Los Ríos,2018,5,9,6,0,0,2018-05-01,2
Los Ríos,2018,6,6,5,0,0,2018-06-01,2
Los Ríos,2018,7,9,8,0,0,2018-07-01,3
Los Ríos,2018,8,8,6,0,0,2018-08-01,3
Los Ríos,2018,9,10,7,1,0,2018-09-01,3
Los Ríos,2018,10,8,7,0,0,2018-10-01,4
Los Ríos,2018,11,10,4,0,0,2018-11-01,4
Los Ríos,2018,12,8,7,0,0,2018-12-01,4
Los Ríos,2019,1,7,7,0,0,2019-01-01,1
Los Ríos,2019,2,10,10,0,0,2019-02-01,1
Los Ríos,2019,3,8,8,0,0,2019-03-01,1
Los Ríos,2019,4,14,14,0,0,2019-04-01,2
Los Ríos,2019,5,11,10,0,1,2019-05-01,2
Los Ríos,2019,6,5,3,0,0,2019-06-01,2
Los Ríos,2019,7,10,8,0,1,2019-07-01,3
Los Ríos,2019,8,7,6,0,0,2019-08-01,3
Los Ríos,2019,9,4,4,0,0,2019-09-01,3
Los Ríos,2019,10,8,6,0,0,2019-10-01,4
Los Ríos,2019,11,14,11,0,0,2019-11-01,4
Los Ríos,2019,12,13,9,0,1,2019-12-01,4
Los Ríos,2020,1,8,8,0,0,2020-01-01,1
Los Ríos,2020,2,8,8,0,0,2020-02-01,1
Los Ríos,2020,3,8,5,2,0,2020-03-01,1
Los Ríos,2020,4,8,6,0,0,2020-04-01,2
Los Ríos,2020,5,10,8,0,0,2020-05-01,2
Los Ríos,2020,6,12,10,0,1,2020-06-01,2
Los Ríos,2020,7,5,4,1,0,2020-07-01,3
Los Ríos,2020,8,8,7,0,0,2020-08-01,3
Los Ríos,2020,9,6,5,0,1,2020-09-01,3
Los Ríos,2020,10,9,8,0,0,2020-10-01,4
Los Ríos,2020,11,15,9,0,4,2020-11-01,4
Los Ríos,2020,12,13,10,1,0,2020-12-01,4
Los Ríos,2021,1,3,3,0,0,2021-01-01,1
Los Ríos,2021,2,8,5,2,0,2021-02-01,1
Los Ríos,2021,3,11,9,0,0,2021-03-01,1
Los Ríos,2021,4,12,11,0,0,2021-04-01,2
Los Ríos,2021,5,25,22,0,0,2021-05-01,2
Los Ríos,2021,6,8,7,0,1,2021-06-01,2
Los Ríos,2021,7,16,15,0,0,2021-07-01,3
Los Ríos,2021,8,18,17,1,0,2021-08-01,3
Los Ríos,2021,9,23,21,0,0,2021-09-01,3
Los Ríos,2021,10,25,22,1,0,2021-10-01,4
Los Ríos,2021,11,27,25,0,1,2021-11-01,4
Los Ríos,2021,12,21,19,1,0,2021-12-01,4
Los Ríos,2022,1,36,35,0,0,2022-01-01,1
Los Ríos,2022,2,23,20,0,1,2022-02-01,1
Los Ríos,2022,3,15,13,0,1,2022-03-01,1
Los Ríos,2022,4,32,28,0,0,2022-04-01,2
Los Ríos,2022,5,33,29,1,0,2022-05-01,2
Los Ríos,2022,6,41,36,0,1,2022-06-01,2
Los Ríos,2022,7,39,37,0,1,2022-07-01,3
Los Ríos,2022,8,26,23,0,1,2022-08-01,3
Los Ríos,2022,9,44,40,1,0,2022-09-01,3
Los Ríos,2022,10,42,35,1,0,2022-10-01,4
Los Ríos,2022,11,31,25,4,0,2022-11-01,4
Los Ríos,2022,12,56,49,1,1,2022-12-01,4
Los Ríos,2023,1,63,53,0,1,2023-01-01,1
Los Ríos,2023,2,47,45,0,1,2023-02-01,1
Los Ríos,2023,3,68,63,0,0,2023-03-01,1
Los Ríos,2023,4,50,44,1,1,2023-04-01,2
Los Ríos,2023,5,54,50,0,0,2023-05-01,2
Los Ríos,2023,6,102,97,0,0,2023-06-01,2
Los Ríos,2023,7,113,106,0,1,2023-07-01,3
Los Ríos,2023,8,69,63,0,0,2023-08-01,3
Los Ríos,2023,9,85,84,0,0,2023-09-01,3
Los Ríos,2023,10,146,136,0,3,2023-10-01,4
Los Ríos,2023,11,117,116,0,0,2023-11-01,4
Los Ríos,2023,12,96,95,0,0,2023-12-01,4
Los Ríos,2024,1,74,70,0,3,2024-01-01,1
Los Ríos,2024,2,73,71,0,1,2024-02-01,1
Los Ríos,2024,3,73,69,0,1,2024-03-01,1
Los Ríos,2024,4,68,66,0,1,2024-04-01,2
Los Ríos,2024,5,79,77,0,1,2024-05-01,2
Los Ríos,2024,6,72,68,3,0,2024-06-01,2
Los Ríos,2024,7,81,77,1,0,2024-07-01,3
Los Ríos,2024,8,52,50,0,0,2024-08-01,3
Los Ríos,2024,9,39,38,0,1,2024-09-01,3
Los Ríos,2024,10,67,66,0,1,2024-10-01,4
Los Ríos,2024,11,71,70,0,0,2024-11-01,4
Los Ríos,2024,12,68,67,0,1,2024-12-01,4
Los Ríos,2025,1,80,79,0,0,2025-01-01,1
Los Ríos,2025,2,106,103,0,1,2025-02-01,1
Los Ríos,2025,3,106,104,1,1,2025-03-01,1
Los Ríos,2025,4,103,103,0,0,2025-04-01,2
Los Ríos,2025,5,103,101,0,1,2025-05-01,2
Los Ríos,2025,6,104,102,1,1,2025-06-01,2
Los Ríos,2025,7,92,90,1,1,2025-07-01,3
Los Ríos,2025,8,118,117,0,0,2025-08-01,3
Los Ríos,2025,9,113,111,0,1,2025-09-01,3
Los Ríos,2025,10,122,119,0,1,2025-10-01,4
Los Ríos,2025,11,124,122,0,0,2025-11-01,4
Los Ríos,2025,12,105,104,0,0,2025-12-01,4
Los Ríos,2026,1,96,95,0,0,2026-01-01,1
Los Ríos,2026,2,86,83,0,0,2026-02-01,1
Los Ríos,2026,3,76,76,0,0,2026-03-01,1
Los Ríos,2026,4,79,77,0,0,2026-04-01,2
Los Ríos,2026,5,80,80,0,0,2026-05-01,2
Los Ríos,2026,6,72,72,0,0,2026-06-01,2
Manabí,2014,1,8,5,0,0,2014-01-01,1
Manabí,2014,2,6,3,0,0,2014-02-01,1
Manabí,2014,3,8,5,0,0,2014-03-01,1
Manabí,2014,4,5,4,0,0,2014-04-01,2
Manabí,2014,5,6,4,0,0,2014-05-01,2
Manabí,2014,6,5,3,0,0,2014-06-01,2
Manabí,2014,7,9,9,0,0,2014-07-01,3
Manabí,2014,8,10,7,0,1,2014-08-01,3
Manabí,2014,9,9,9,0,0,2014-09-01,3
Manabí,2014,10,4,2,0,0,2014-10-01,4
Manabí,2014,11,8,6,0,0,2014-11-01,4
Manabí,2014,12,13,10,0,0,2014-12-01,4
Manabí,2015,1,12,12,0,0,2015-01-01,1
Manabí,2015,2,5,4,0,0,2015-02-01,1
Manabí,2015,3,9,7,1,1,2015-03-01,1
Manabí,2015,4,9,7,0,2,2015-04-01,2
Manabí,2015,5,3,3,0,0,2015-05-01,2
Manabí,2015,6,11,11,0,0,2015-06-01,2
Manabí,2015,7,8,7,0,0,2015-07-01,3
Manabí,2015,8,8,7,1,0,2015-08-01,3
Manabí,2015,9,6,5,0,1,2015-09-01,3
Manabí,2015,10,8,5,1,1,2015-10-01,4
Manabí,2015,11,4,3,0,1,2015-11-01,4
Manabí,2015,12,10,9,0,1,2015-12-01,4
Manabí,2016,1,2,2,0,0,2016-01-01,1
Manabí,2016,2,4,3,0,1,2016-02-01,1
Manabí,2016,3,13,11,0,0,2016-03-01,1
Manabí,2016,4,7,7,0,0,2016-04-01,2
Manabí,2016,5,9,8,0,1,2016-05-01,2
Manabí,2016,6,4,3,0,1,2016-06-01,2
Manabí,2016,7,11,10,0,0,2016-07-01,3
Manabí,2016,8,5,3,0,1,2016-08-01,3
Manabí,2016,9,15,15,0,0,2016-09-01,3
Manabí,2016,10,5,4,0,1,2016-10-01,4
Manabí,2016,11,8,8,0,0,2016-11-01,4
Manabí,2016,12,8,8,0,0,2016-12-01,4
Manabí,2017,1,16,12,0,2,2017-01-01,1
Manabí,2017,2,10,9,0,1,2017-02-01,1
Manabí,2017,3,11,9,0,1,2017-03-01,1
Manabí,2017,4,12,11,0,1,2017-04-01,2
Manabí,2017,5,5,4,1,0,2017-05-01,2
Manabí,2017,6,11,9,0,2,2017-06-01,2
Manabí,2017,7,3,2,0,1,2017-07-01,3
Manabí,2017,8,7,7,0,0,2017-08-01,3
Manabí,2017,9,3,3,0,0,2017-09-01,3
Manabí,2017,10,8,8,0,0,2017-10-01,4
Manabí,2017,11,5,3,1,1,2017-11-01,4
Manabí,2017,12,14,13,0,1,2017-12-01,4
Manabí,2018,1,6,6,0,0,2018-01-01,1
Manabí,2018,2,5,5,0,0,2018-02-01,1
Manabí,2018,3,10,6,0,3,2018-03-01,1
Manabí,2018,4,10,8,0,1,2018-04-01,2
Manabí,2018,5,10,9,0,0,2018-05-01,2
Manabí,2018,6,3,3,0,0,2018-06-01,2
Manabí,2018,7,5,5,0,0,2018-07-01,3
Manabí,2018,8,8,7,0,1,2018-08-01,3
Manabí,2018,9,2,1,0,1,2018-09-01,3
Manabí,2018,10,10,9,0,1,2018-10-01,4
Manabí,2018,11,7,6,0,1,2018-11-01,4
Manabí,2018,12,8,6,0,1,2018-12-01,4
Manabí,2019,1,7,6,0,1,2019-01-01,1
Manabí,2019,2,8,7,0,0,2019-02-01,1
Manabí,2019,3,5,4,0,0,2019-03-01,1
Manabí,2019,4,16,15,0,0,2019-04-01,2
Manabí,2019,5,9,8,0,1,2019-05-01,2
Manabí,2019,6,7,7,0,0,2019-06-01,2
Manabí,2019,7,13,10,0,0,2019-07-01,3
Manabí,2019,8,10,10,0,0,2019-08-01,3
Manabí,2019,9,9,6,0,1,2019-09-01,3
Manabí,2019,10,10,8,0,1,2019-10-01,4
Manabí,2019,11,9,8,0,0,2019-11-01,4
Manabí,2019,12,11,10,0,1,2019-12-01,4
Manabí,2020,1,8,8,0,0,2020-01-01,1
Manabí,2020,2,5,4,0,1,2020-02-01,1
Manabí,2020,3,5,4,0,1,2020-03-01,1
Manabí,2020,4,5,5,0,0,2020-04-01,2
Manabí,2020,5,2,1,0,0,2020-05-01,2
Manabí,2020,6,8,6,0,2,2020-06-01,2
Manabí,2020,7,8,8,0,0,2020-07-01,3
Manabí,2020,8,13,9,0,2,2020-08-01,3
Manabí,2020,9,9,8,1,0,2020-09-01,3
Manabí,2020,10,19,18,0,0,2020-10-01,4
Manabí,2020,11,15,13,0,1,2020-11-01,4
Manabí,2020,12,26,24,0,1,2020-12-01,4
Manabí,2021,1,15,13,0,1,2021-01-01,1
Manabí,2021,2,29,26,2,0,2021-02-01,1
Manabí,2021,3,12,10,1,1,2021-03-01,1
Manabí,2021,4,16,15,0,1,2021-04-01,2
Manabí,2021,5,14,14,0,0,2021-05-01,2
Manabí,2021,6,24,22,0,0,2021-06-01,2
Manabí,2021,7,16,16,0,0,2021-07-01,3
Manabí,2021,8,21,20,0,0,2021-08-01,3
Manabí,2021,9,11,9,1,0,2021-09-01,3
Manabí,2021,10,9,4,2,1,2021-10-01,4
Manabí,2021,11,20,19,0,0,2021-11-01,4
Manabí,2021,12,13,13,0,0,2021-12-01,4
Manabí,2022,1,27,26,0,0,2022-01-01,1
Manabí,2022,2,32,26,0,3,2022-02-01,1
Manabí,2022,3,36,34,0,1,2022-03-01,1
Manabí,2022,4,32,29,0,0,2022-04-01,2
Manabí,2022,5,35,34,0,1,2022-05-01,2
Manabí,2022,6,37,36,1,0,2022-06-01,2
Manabí,2022,7,46,42,4,0,2022-07-01,3
Manabí,2022,8,53,49,0,1,2022-08-01,3
Manabí,2022,9,58,54,1,0,2022-09-01,3
Manabí,2022,10,56,52,1,1,2022-10-01,4
Manabí,2022,11,49,46,1,0,2022-11-01,4
Manabí,2022,12,66,62,0,2,2022-12-01,4
Manabí,2023,1,50,48,0,0,2023-01-01,1
Manabí,2023,2,52,48,1,2,2023-02-01,1
Manabí,2023,3,64,62,0,1,2023-03-01,1
Manabí,2023,4,76,75,1,0,2023-04-01,2
Manabí,2023,5,85,80,1,0,2023-05-01,2
Manabí,2023,6,85,84,0,0,2023-06-01,2
Manabí,2023,7,98,93,0,2,2023-07-01,3
Manabí,2023,8,86,83,0,2,2023-08-01,3
Manabí,2023,9,80,76,0,3,2023-09-01,3
Manabí,2023,10,106,102,0,2,2023-10-01,4
Manabí,2023,11,105,104,0,1,2023-11-01,4
Manabí,2023,12,99,97,0,0,2023-12-01,4
Manabí,2024,1,43,43,0,0,2024-01-01,1
Manabí,2024,2,44,43,0,0,2024-02-01,1
Manabí,2024,3,100,98,0,0,2024-03-01,1
Manabí,2024,4,79,79,0,0,2024-04-01,2
Manabí,2024,5,112,108,2,0,2024-05-01,2
Manabí,2024,6,45,44,0,0,2024-06-01,2
Manabí,2024,7,44,44,0,0,2024-07-01,3
Manabí,2024,8,73,69,1,0,2024-08-01,3
Manabí,2024,9,81,80,0,0,2024-09-01,3
Manabí,2024,10,83,81,1,0,2024-10-01,4
Manabí,2024,11,76,72,3,0,2024-11-01,4
Manabí,2024,12,91,88,1,1,2024-12-01,4
Manabí,2025,1,125,121,3,1,2025-01-01,1
Manabí,2025,2,76,76,0,0,2025-02-01,1
Manabí,2025,3,75,75,0,0,2025-03-01,1
Manabí,2025,4,110,108,1,0,2025-04-01,2
Manabí,2025,5,119,115,1,1,2025-05-01,2
Manabí,2025,6,69,66,1,1,2025-06-01,2
Manabí,2025,7,132,131,1,0,2025-07-01,3
Manabí,2025,8,131,126,3,0,2025-08-01,3
Manabí,2025,9,108,106,1,0,2025-09-01,3
Manabí,2025,10,128,127,0,0,2025-10-01,4
Manabí,2025,11,100,96,3,0,2025-11-01,4
Manabí,2025,12,101,100,1,0,2025-12-01,4
Manabí,2026,1,96,94,2,0,2026-01-01,1
Manabí,2026,2,76,75,1,0,2026-02-01,1
Manabí,2026,3,71,70,0,0,2026-03-01,1
Manabí,2026,4,105,104,0,0,2026-04-01,2
Manabí,2026,5,123,123,0,0,2026-05-01,2
Manabí,2026,6,110,109,0,0,2026-06-01,2
Morona Santiago,2014,1,1,1,0,0,2014-01-01,1
Morona Santiago,2014,3,1,1,0,0,2014-03-01,1
Morona Santiago,2014,5,2,1,0,0,2014-05-01,2
Morona Santiago,2014,6,2,0,0,0,2014-06-01,2
Morona Santiago,2014,11,1,0,0,0,2014-11-01,4
Morona Santiago,2015,6,1,1,0,0,2015-06-01,2
Morona Santiago,2015,7,1,1,0,0,2015-07-01,3
Morona Santiago,2015,8,1,1,0,0,2015-08-01,3
Morona Santiago,2015,9,1,0,0,0,2015-09-01,3
Morona Santiago,2015,11,2,1,0,0,2015-11-01,4
Morona Santiago,2016,2,1,1,0,0,2016-02-01,1
Morona Santiago,2016,3,1,1,0,0,2016-03-01,1
Morona Santiago,2016,5,2,1,0,1,2016-05-01,2
Morona Santiago,2016,7,1,0,0,1,2016-07-01,3
Morona Santiago,2016,11,1,1,0,0,2016-11-01,4
Morona Santiago,2016,12,2,2,0,0,2016-12-01,4
Morona Santiago,2017,1,1,1,0,0,2017-01-01,1
Morona Santiago,2017,2,3,3,0,0,2017-02-01,1
Morona Santiago,2017,3,1,1,0,0,2017-03-01,1
Morona Santiago,2017,8,1,1,0,0,2017-08-01,3
Morona Santiago,2018,1,1,0,0,1,2018-01-01,1
Morona Santiago,2018,2,1,0,0,0,2018-02-01,1
Morona Santiago,2018,3,1,1,0,0,2018-03-01,1
Morona Santiago,2018,4,1,0,0,0,2018-04-01,2
Morona Santiago,2018,5,1,1,0,0,2018-05-01,2
Morona Santiago,2018,8,1,0,0,0,2018-08-01,3
Morona Santiago,2018,11,1,0,0,1,2018-11-01,4
Morona Santiago,2018,12,1,1,0,0,2018-12-01,4
Morona Santiago,2019,3,1,1,0,0,2019-03-01,1
Morona Santiago,2019,4,1,1,0,0,2019-04-01,2
Morona Santiago,2019,5,1,0,0,1,2019-05-01,2
Morona Santiago,2019,8,1,1,0,0,2019-08-01,3
Morona Santiago,2019,9,2,2,0,0,2019-09-01,3
Morona Santiago,2019,10,2,1,0,1,2019-10-01,4
Morona Santiago,2019,12,2,2,0,0,2019-12-01,4
Morona Santiago,2020,1,1,0,0,0,2020-01-01,1
Morona Santiago,2020,2,4,3,0,0,2020-02-01,1
Morona Santiago,2020,3,1,0,0,0,2020-03-01,1
Morona Santiago,2020,4,2,1,0,0,2020-04-01,2
Morona Santiago,2020,5,1,1,0,0,2020-05-01,2
Morona Santiago,2020,6,1,1,0,0,2020-06-01,2
Morona Santiago,2020,8,1,0,0,1,2020-08-01,3
Morona Santiago,2021,2,1,0,0,0,2021-02-01,1
Morona Santiago,2021,7,1,1,0,0,2021-07-01,3
Morona Santiago,2021,8,2,1,1,0,2021-08-01,3
Morona Santiago,2021,9,1,1,0,0,2021-09-01,3
Morona Santiago,2021,10,1,0,0,0,2021-10-01,4
Morona Santiago,2022,3,1,0,0,1,2022-03-01,1
Morona Santiago,2022,4,3,1,0,0,2022-04-01,2
Morona Santiago,2022,6,1,1,0,0,2022-06-01,2
Morona Santiago,2022,8,2,1,0,0,2022-08-01,3
Morona Santiago,2022,9,1,0,0,1,2022-09-01,3
Morona Santiago,2022,10,1,1,0,0,2022-10-01,4
Morona Santiago,2022,11,1,1,0,0,2022-11-01,4
Morona Santiago,2023,1,3,1,0,1,2023-01-01,1
Morona Santiago,2023,2,1,1,0,0,2023-02-01,1
Morona Santiago,2023,3,7,7,0,0,2023-03-01,1
Morona Santiago,2023,4,2,1,0,0,2023-04-01,2
Morona Santiago,2023,5,3,2,0,0,2023-05-01,2
Morona Santiago,2023,6,1,1,0,0,2023-06-01,2
Morona Santiago,2023,7,2,2,0,0,2023-07-01,3
Morona Santiago,2023,8,3,2,0,1,2023-08-01,3
Morona Santiago,2023,9,1,1,0,0,2023-09-01,3
Morona Santiago,2023,10,3,3,0,0,2023-10-01,4
Morona Santiago,2023,11,4,3,0,0,2023-11-01,4
Morona Santiago,2023,12,4,2,0,1,2023-12-01,4
Morona Santiago,2024,1,1,1,0,0,2024-01-01,1
Morona Santiago,2024,2,2,1,0,0,2024-02-01,1
Morona Santiago,2024,3,1,1,0,0,2024-03-01,1
Morona Santiago,2024,4,2,0,0,1,2024-04-01,2
Morona Santiago,2024,5,1,1,0,0,2024-05-01,2
Morona Santiago,2024,6,1,0,0,0,2024-06-01,2
Morona Santiago,2024,8,1,1,0,0,2024-08-01,3
Morona Santiago,2024,9,2,1,0,0,2024-09-01,3
Morona Santiago,2024,11,2,1,0,0,2024-11-01,4
Morona Santiago,2024,12,4,4,0,0,2024-12-01,4
Morona Santiago,2025,1,2,2,0,0,2025-01-01,1
Morona Santiago,2025,2,1,1,0,0,2025-02-01,1
Morona Santiago,2025,3,1,0,0,0,2025-03-01,1
Morona Santiago,2025,5,5,4,0,0,2025-05-01,2
Morona Santiago,2025,7,3,3,0,0,2025-07-01,3
Morona Santiago,2025,8,2,2,0,0,2025-08-01,3
Morona Santiago,2025,9,2,2,0,0,2025-09-01,3
Morona Santiago,2025,10,1,1,0,0,2025-10-01,4
Morona Santiago,2025,12,3,3,0,0,2025-12-01,4
Morona Santiago,2026,1,4,4,0,0,2026-01-01,1
Morona Santiago,2026,3,2,2,0,0,2026-03-01,1
Morona Santiago,2026,4,1,1,0,0,2026-04-01,2
Morona Santiago,2026,5,3,3,0,0,2026-05-01,2
Morona Santiago,2026,6,1,1,0,0,2026-06-01,2
Napo,2014,2,1,1,0,0,2014-02-01,1
Napo,2014,3,1,1,0,0,2014-03-01,1
Napo,2014,6,1,1,0,0,2014-06-01,2
Napo,2014,7,1,0,0,0,2014-07-01,3
Napo,2014,8,2,1,0,0,2014-08-01,3
Napo,2014,9,2,2,0,0,2014-09-01,3
Napo,2014,10,1,0,0,1,2014-10-01,4
Napo,2014,11,1,1,0,0,2014-11-01,4
Napo,2015,4,1,0,0,0,2015-04-01,2
Napo,2015,8,2,1,0,1,2015-08-01,3
Napo,2015,9,2,2,0,0,2015-09-01,3
Napo,2015,11,1,0,0,0,2015-11-01,4
Napo,2016,2,1,1,0,0,2016-02-01,1
Napo,2016,3,1,1,0,0,2016-03-01,1
Napo,2016,6,1,1,0,0,2016-06-01,2
Napo,2016,11,1,1,0,0,2016-11-01,4
Napo,2017,2,1,1,0,0,2017-02-01,1
Napo,2017,4,2,1,0,0,2017-04-01,2
Napo,2017,5,1,1,0,0,2017-05-01,2
Napo,2017,12,2,2,0,0,2017-12-01,4
Napo,2018,3,1,1,0,0,2018-03-01,1
Napo,2018,4,1,0,0,0,2018-04-01,2
Napo,2019,3,1,0,0,0,2019-03-01,1
Napo,2019,6,1,0,0,0,2019-06-01,2
Napo,2020,7,1,0,0,0,2020-07-01,3
Napo,2020,8,1,1,0,0,2020-08-01,3
Napo,2020,12,1,1,0,0,2020-12-01,4
Napo,2021,5,1,1,0,0,2021-05-01,2
Napo,2021,7,2,1,0,0,2021-07-01,3
Napo,2021,9,1,0,0,0,2021-09-01,3
Napo,2021,12,1,1,0,0,2021-12-01,4
Napo,2022,2,1,0,0,1,2022-02-01,1
Napo,2022,3,6,4,0,0,2022-03-01,1
Napo,2022,5,1,1,0,0,2022-05-01,2
Napo,2022,9,4,3,0,0,2022-09-01,3
Napo,2022,10,3,2,0,0,2022-10-01,4
Napo,2022,11,1,0,0,1,2022-11-01,4
Napo,2022,12,2,2,0,0,2022-12-01,4
Napo,2023,1,4,4,0,0,2023-01-01,1
Napo,2023,2,1,0,0,1,2023-02-01,1
Napo,2023,5,2,2,0,0,2023-05-01,2
Napo,2023,8,2,2,0,0,2023-08-01,3
Napo,2023,9,4,1,0,2,2023-09-01,3
Napo,2023,11,2,2,0,0,2023-11-01,4
Napo,2024,1,3,0,0,1,2024-01-01,1
Napo,2024,2,1,1,0,0,2024-02-01,1
Napo,2024,4,2,0,0,1,2024-04-01,2
Napo,2024,5,2,1,0,0,2024-05-01,2
Napo,2024,6,2,1,0,0,2024-06-01,2
Napo,2024,8,1,1,0,0,2024-08-01,3
Napo,2024,11,1,1,0,0,2024-11-01,4
Napo,2024,12,1,1,0,0,2024-12-01,4
Napo,2025,1,4,4,0,0,2025-01-01,1
Napo,2025,3,1,1,0,0,2025-03-01,1
Napo,2025,7,3,3,0,0,2025-07-01,3
Napo,2025,8,3,2,0,0,2025-08-01,3
Napo,2025,9,3,3,0,0,2025-09-01,3
Napo,2025,11,1,1,0,0,2025-11-01,4
Napo,2025,12,4,4,0,0,2025-12-01,4
Napo,2026,1,3,3,0,0,2026-01-01,1
Napo,2026,2,3,3,0,0,2026-02-01,1
Napo,2026,3,2,2,0,0,2026-03-01,1
Napo,2026,4,2,2,0,0,2026-04-01,2
Napo,2026,5,2,2,0,0,2026-05-01,2
Napo,2026,6,1,1,0,0,2026-06-01,2
Orellana,2014,1,6,2,0,0,2014-01-01,1
Orellana,2014,3,1,1,0,0,2014-03-01,1
Orellana,2014,4,1,0,0,0,2014-04-01,2
Orellana,2014,5,2,2,0,0,2014-05-01,2
Orellana,2014,6,5,3,0,0,2014-06-01,2
Orellana,2014,7,1,1,0,0,2014-07-01,3
Orellana,2014,8,2,1,0,0,2014-08-01,3
Orellana,2014,9,2,2,0,0,2014-09-01,3
Orellana,2014,10,2,1,0,0,2014-10-01,4
Orellana,2014,12,1,1,0,0,2014-12-01,4
Orellana,2015,2,2,1,0,0,2015-02-01,1
Orellana,2015,3,1,0,0,1,2015-03-01,1
Orellana,2015,4,1,1,0,0,2015-04-01,2
Orellana,2015,5,2,1,0,1,2015-05-01,2
Orellana,2015,7,1,1,0,0,2015-07-01,3
Orellana,2015,8,1,1,0,0,2015-08-01,3
Orellana,2015,9,2,1,0,1,2015-09-01,3
Orellana,2015,11,1,1,0,0,2015-11-01,4
Orellana,2015,12,2,1,0,0,2015-12-01,4
Orellana,2016,1,1,1,0,0,2016-01-01,1
Orellana,2016,4,1,1,0,0,2016-04-01,2
Orellana,2016,5,2,0,0,1,2016-05-01,2
Orellana,2016,6,1,1,0,0,2016-06-01,2
Orellana,2016,9,1,1,0,0,2016-09-01,3
Orellana,2016,11,3,3,0,0,2016-11-01,4
Orellana,2017,1,3,2,0,1,2017-01-01,1
Orellana,2017,2,2,1,0,1,2017-02-01,1
Orellana,2017,3,1,1,0,0,2017-03-01,1
Orellana,2017,4,1,1,0,0,2017-04-01,2
Orellana,2017,7,1,1,0,0,2017-07-01,3
Orellana,2017,8,2,0,0,1,2017-08-01,3
Orellana,2017,10,1,0,0,0,2017-10-01,4
Orellana,2017,11,1,0,0,0,2017-11-01,4
Orellana,2018,1,2,1,0,1,2018-01-01,1
Orellana,2018,2,1,1,0,0,2018-02-01,1
Orellana,2018,3,1,1,0,0,2018-03-01,1
Orellana,2018,4,1,0,0,0,2018-04-01,2
Orellana,2018,5,1,0,0,1,2018-05-01,2
Orellana,2018,6,1,1,0,0,2018-06-01,2
Orellana,2018,7,1,1,0,0,2018-07-01,3
Orellana,2018,8,1,1,0,0,2018-08-01,3
Orellana,2018,10,3,0,0,1,2018-10-01,4
Orellana,2018,11,2,1,0,0,2018-11-01,4
Orellana,2018,12,6,2,0,2,2018-12-01,4
Orellana,2019,3,2,1,0,0,2019-03-01,1
Orellana,2019,5,1,1,0,0,2019-05-01,2
Orellana,2019,7,1,1,0,0,2019-07-01,3
Orellana,2019,8,3,3,0,0,2019-08-01,3
Orellana,2019,9,2,1,0,1,2019-09-01,3
Orellana,2020,1,1,0,0,1,2020-01-01,1
Orellana,2020,4,1,1,0,0,2020-04-01,2
Orellana,2020,8,1,1,0,0,2020-08-01,3
Orellana,2020,11,1,1,0,0,2020-11-01,4
Orellana,2020,12,1,1,0,0,2020-12-01,4
Orellana,2021,3,2,2,0,0,2021-03-01,1
Orellana,2021,6,3,3,0,0,2021-06-01,2
Orellana,2021,7,2,2,0,0,2021-07-01,3
Orellana,2021,9,1,1,0,0,2021-09-01,3
Orellana,2021,10,1,1,0,0,2021-10-01,4
Orellana,2021,11,1,1,0,0,2021-11-01,4
Orellana,2021,12,1,0,0,1,2021-12-01,4
Orellana,2022,1,1,1,0,0,2022-01-01,1
Orellana,2022,2,2,2,0,0,2022-02-01,1
Orellana,2022,3,1,1,0,0,2022-03-01,1
Orellana,2022,4,3,2,0,0,2022-04-01,2
Orellana,2022,5,2,1,0,0,2022-05-01,2
Orellana,2022,6,1,0,0,0,2022-06-01,2
Orellana,2022,7,3,0,0,1,2022-07-01,3
Orellana,2022,8,1,0,0,1,2022-08-01,3
Orellana,2022,9,4,4,0,0,2022-09-01,3
Orellana,2022,10,2,1,0,0,2022-10-01,4
Orellana,2022,11,2,1,0,0,2022-11-01,4
Orellana,2022,12,2,1,0,1,2022-12-01,4
Orellana,2023,2,1,0,0,0,2023-02-01,1
Orellana,2023,3,1,1,0,0,2023-03-01,1
Orellana,2023,4,1,1,0,0,2023-04-01,2
Orellana,2023,5,15,13,0,1,2023-05-01,2
Orellana,2023,6,4,2,0,0,2023-06-01,2
Orellana,2023,7,3,2,0,0,2023-07-01,3
Orellana,2023,8,7,6,0,0,2023-08-01,3
Orellana,2023,9,3,2,0,1,2023-09-01,3
Orellana,2023,10,7,4,0,0,2023-10-01,4
Orellana,2023,11,7,7,0,0,2023-11-01,4
Orellana,2023,12,9,8,0,0,2023-12-01,4
Orellana,2024,1,10,10,0,0,2024-01-01,1
Orellana,2024,2,11,11,0,0,2024-02-01,1
Orellana,2024,3,7,7,0,0,2024-03-01,1
Orellana,2024,4,13,12,0,0,2024-04-01,2
Orellana,2024,5,5,5,0,0,2024-05-01,2
Orellana,2024,6,13,12,0,1,2024-06-01,2
Orellana,2024,7,10,9,0,1,2024-07-01,3
Orellana,2024,8,12,10,0,2,2024-08-01,3
Orellana,2024,9,6,6,0,0,2024-09-01,3
Orellana,2024,10,12,12,0,0,2024-10-01,4
Orellana,2024,11,4,4,0,0,2024-11-01,4
Orellana,2024,12,5,5,0,0,2024-12-01,4
Orellana,2025,1,5,5,0,0,2025-01-01,1
Orellana,2025,2,10,10,0,0,2025-02-01,1
Orellana,2025,3,19,17,0,1,2025-03-01,1
Orellana,2025,4,9,9,0,0,2025-04-01,2
Orellana,2025,5,21,21,0,0,2025-05-01,2
Orellana,2025,6,6,6,0,0,2025-06-01,2
Orellana,2025,7,6,5,1,0,2025-07-01,3
Orellana,2025,8,11,10,0,1,2025-08-01,3
Orellana,2025,9,6,6,0,0,2025-09-01,3
Orellana,2025,10,12,12,0,0,2025-10-01,4
Orellana,2025,11,11,11,0,0,2025-11-01,4
Orellana,2025,12,14,14,0,0,2025-12-01,4
Orellana,2026,1,10,8,0,1,2026-01-01,1
Orellana,2026,2,6,6,0,0,2026-02-01,1
Orellana,2026,3,6,5,0,0,2026-03-01,1
Orellana,2026,4,7,7,0,0,2026-04-01,2
Orellana,2026,5,12,11,0,1,2026-05-01,2
Orellana,2026,6,12,12,0,0,2026-06-01,2
Pastaza,2014,2,1,0,0,0,2014-02-01,1
Pastaza,2014,4,3,3,0,0,2014-04-01,2
Pastaza,2014,6,1,1,0,0,2014-06-01,2
Pastaza,2014,8,1,1,0,0,2014-08-01,3
Pastaza,2014,11,1,0,0,1,2014-11-01,4
Pastaza,2015,1,3,1,0,0,2015-01-01,1
Pastaza,2015,2,1,0,0,0,2015-02-01,1
Pastaza,2015,8,1,1,0,0,2015-08-01,3
Pastaza,2015,10,1,0,0,0,2015-10-01,4
Pastaza,2015,11,1,1,0,0,2015-11-01,4
Pastaza,2015,12,1,1,0,0,2015-12-01,4
Pastaza,2016,7,1,0,0,0,2016-07-01,3
Pastaza,2016,9,1,1,0,0,2016-09-01,3
Pastaza,2017,2,1,1,0,0,2017-02-01,1
Pastaza,2017,5,1,1,0,0,2017-05-01,2
Pastaza,2018,2,3,2,0,0,2018-02-01,1
Pastaza,2018,4,1,0,0,0,2018-04-01,2
Pastaza,2018,5,1,0,0,0,2018-05-01,2
Pastaza,2019,2,1,1,0,0,2019-02-01,1
Pastaza,2019,4,2,1,0,1,2019-04-01,2
Pastaza,2019,5,1,1,0,0,2019-05-01,2
Pastaza,2019,7,1,1,0,0,2019-07-01,3
Pastaza,2019,8,1,0,0,0,2019-08-01,3
Pastaza,2019,9,1,0,0,0,2019-09-01,3
Pastaza,2019,12,2,2,0,0,2019-12-01,4
Pastaza,2020,6,1,1,0,0,2020-06-01,2
Pastaza,2020,12,1,1,0,0,2020-12-01,4
Pastaza,2021,3,2,2,0,0,2021-03-01,1
Pastaza,2021,4,1,1,0,0,2021-04-01,2
Pastaza,2021,7,2,2,0,0,2021-07-01,3
Pastaza,2021,9,1,1,0,0,2021-09-01,3
Pastaza,2021,10,2,1,0,1,2021-10-01,4
Pastaza,2022,3,1,1,0,0,2022-03-01,1
Pastaza,2022,4,1,1,0,0,2022-04-01,2
Pastaza,2022,6,1,0,0,0,2022-06-01,2
Pastaza,2022,7,2,1,0,0,2022-07-01,3
Pastaza,2022,10,1,1,0,0,2022-10-01,4
Pastaza,2022,11,2,2,0,0,2022-11-01,4
Pastaza,2023,2,3,2,0,0,2023-02-01,1
Pastaza,2023,3,1,1,0,0,2023-03-01,1
Pastaza,2023,4,3,3,0,0,2023-04-01,2
Pastaza,2023,5,2,2,0,0,2023-05-01,2
Pastaza,2023,6,2,2,0,0,2023-06-01,2
Pastaza,2023,7,4,4,0,0,2023-07-01,3
Pastaza,2023,8,5,4,0,0,2023-08-01,3
Pastaza,2023,9,1,1,0,0,2023-09-01,3
Pastaza,2023,10,3,3,0,0,2023-10-01,4
Pastaza,2023,11,4,4,0,0,2023-11-01,4
Pastaza,2023,12,2,1,0,0,2023-12-01,4
Pastaza,2024,1,1,1,0,0,2024-01-01,1
Pastaza,2024,6,1,1,0,0,2024-06-01,2
Pastaza,2025,4,3,3,0,0,2025-04-01,2
Pastaza,2025,5,3,2,0,0,2025-05-01,2
Pastaza,2025,7,1,1,0,0,2025-07-01,3
Pastaza,2025,8,3,3,0,0,2025-08-01,3
Pastaza,2025,10,4,3,0,0,2025-10-01,4
Pastaza,2025,11,4,2,0,1,2025-11-01,4
Pastaza,2025,12,2,2,0,0,2025-12-01,4
Pastaza,2026,1,4,3,0,1,2026-01-01,1
Pastaza,2026,2,4,4,0,0,2026-02-01,1
Pastaza,2026,3,1,1,0,0,2026-03-01,1
Pastaza,2026,5,1,1,0,0,2026-05-01,2
Pichincha,2014,1,10,1,0,0,2014-01-01,1
Pichincha,2014,2,15,1,0,1,2014-02-01,1
Pichincha,2014,3,14,1,0,0,2014-03-01,1
Pichincha,2014,4,18,4,0,0,2014-04-01,2
Pichincha,2014,5,23,2,0,0,2014-05-01,2
Pichincha,2014,6,13,0,0,0,2014-06-01,2
Pichincha,2014,7,16,2,0,0,2014-07-01,3
Pichincha,2014,8,15,2,0,0,2014-08-01,3
Pichincha,2014,9,7,1,0,0,2014-09-01,3
Pichincha,2014,10,14,3,0,1,2014-10-01,4
Pichincha,2014,11,9,2,0,0,2014-11-01,4
Pichincha,2014,12,14,5,0,2,2014-12-01,4
Pichincha,2015,1,11,10,0,0,2015-01-01,1
Pichincha,2015,2,13,9,0,0,2015-02-01,1
Pichincha,2015,3,13,9,0,2,2015-03-01,1
Pichincha,2015,4,8,5,0,0,2015-04-01,2
Pichincha,2015,5,12,7,0,1,2015-05-01,2
Pichincha,2015,6,11,6,0,1,2015-06-01,2
Pichincha,2015,7,9,6,0,1,2015-07-01,3
Pichincha,2015,8,9,4,0,2,2015-08-01,3
Pichincha,2015,9,10,8,0,1,2015-09-01,3
Pichincha,2015,10,8,5,0,0,2015-10-01,4
Pichincha,2015,11,18,11,0,2,2015-11-01,4
Pichincha,2015,12,16,9,0,2,2015-12-01,4
Pichincha,2016,1,13,4,0,0,2016-01-01,1
Pichincha,2016,2,11,7,0,1,2016-02-01,1
Pichincha,2016,3,11,5,0,2,2016-03-01,1
Pichincha,2016,4,12,6,0,0,2016-04-01,2
Pichincha,2016,5,15,11,0,3,2016-05-01,2
Pichincha,2016,6,10,8,0,0,2016-06-01,2
Pichincha,2016,7,17,12,0,1,2016-07-01,3
Pichincha,2016,8,9,3,0,2,2016-08-01,3
Pichincha,2016,9,12,3,0,3,2016-09-01,3
Pichincha,2016,10,6,4,0,1,2016-10-01,4
Pichincha,2016,11,10,5,0,2,2016-11-01,4
Pichincha,2016,12,10,3,0,0,2016-12-01,4
Pichincha,2017,1,14,9,0,2,2017-01-01,1
Pichincha,2017,2,6,4,0,0,2017-02-01,1
Pichincha,2017,3,8,3,0,1,2017-03-01,1
Pichincha,2017,4,7,5,0,0,2017-04-01,2
Pichincha,2017,5,14,7,0,2,2017-05-01,2
Pichincha,2017,6,15,5,0,2,2017-06-01,2
Pichincha,2017,7,16,8,1,3,2017-07-01,3
Pichincha,2017,8,9,4,0,2,2017-08-01,3
Pichincha,2017,9,12,6,0,1,2017-09-01,3
Pichincha,2017,10,8,4,0,0,2017-10-01,4
Pichincha,2017,11,8,3,0,1,2017-11-01,4
Pichincha,2017,12,12,5,0,4,2017-12-01,4
Pichincha,2018,1,9,4,0,2,2018-01-01,1
Pichincha,2018,2,15,6,0,1,2018-02-01,1
Pichincha,2018,3,9,2,0,0,2018-03-01,1
Pichincha,2018,4,13,8,0,2,2018-04-01,2
Pichincha,2018,5,12,7,1,1,2018-05-01,2
Pichincha,2018,6,13,8,0,1,2018-06-01,2
Pichincha,2018,7,10,6,0,0,2018-07-01,3
Pichincha,2018,8,13,5,0,1,2018-08-01,3
Pichincha,2018,9,11,4,0,0,2018-09-01,3
Pichincha,2018,10,7,5,0,0,2018-10-01,4
Pichincha,2018,11,9,5,0,0,2018-11-01,4
Pichincha,2018,12,13,3,0,0,2018-12-01,4
Pichincha,2019,1,20,10,0,0,2019-01-01,1
Pichincha,2019,2,11,7,0,1,2019-02-01,1
Pichincha,2019,3,8,2,0,1,2019-03-01,1
Pichincha,2019,4,9,3,0,1,2019-04-01,2
Pichincha,2019,5,14,8,0,0,2019-05-01,2
Pichincha,2019,6,11,4,0,1,2019-06-01,2
Pichincha,2019,7,8,2,0,0,2019-07-01,3
Pichincha,2019,8,14,6,0,2,2019-08-01,3
Pichincha,2019,9,13,3,0,0,2019-09-01,3
Pichincha,2019,10,16,3,0,1,2019-10-01,4
Pichincha,2019,11,17,3,0,3,2019-11-01,4
Pichincha,2019,12,16,5,0,1,2019-12-01,4
Pichincha,2020,1,19,4,0,0,2020-01-01,1
Pichincha,2020,2,13,3,0,1,2020-02-01,1
Pichincha,2020,3,13,1,0,0,2020-03-01,1
Pichincha,2020,4,8,0,0,1,2020-04-01,2
Pichincha,2020,5,10,2,0,1,2020-05-01,2
Pichincha,2020,6,13,6,0,0,2020-06-01,2
Pichincha,2020,7,12,3,0,2,2020-07-01,3
Pichincha,2020,8,15,3,0,0,2020-08-01,3
Pichincha,2020,9,13,2,0,2,2020-09-01,3
Pichincha,2020,10,11,5,0,1,2020-10-01,4
Pichincha,2020,11,17,0,0,3,2020-11-01,4
Pichincha,2020,12,15,3,0,0,2020-12-01,4
Pichincha,2021,1,12,3,0,0,2021-01-01,1
Pichincha,2021,2,12,2,0,1,2021-02-01,1
Pichincha,2021,3,13,2,0,2,2021-03-01,1
Pichincha,2021,4,14,7,0,1,2021-04-01,2
Pichincha,2021,5,13,5,0,0,2021-05-01,2
Pichincha,2021,6,16,2,0,1,2021-06-01,2
Pichincha,2021,7,12,3,0,0,2021-07-01,3
Pichincha,2021,8,11,4,0,0,2021-08-01,3
Pichincha,2021,9,16,8,0,1,2021-09-01,3
Pichincha,2021,10,17,9,0,2,2021-10-01,4
Pichincha,2021,11,11,1,0,0,2021-11-01,4
Pichincha,2021,12,13,0,0,0,2021-12-01,4
Pichincha,2022,1,14,3,0,0,2022-01-01,1
Pichincha,2022,2,9,5,0,1,2022-02-01,1
Pichincha,2022,3,14,2,0,3,2022-03-01,1
Pichincha,2022,4,16,2,0,0,2022-04-01,2
Pichincha,2022,5,10,5,0,0,2022-05-01,2
Pichincha,2022,6,22,8,0,1,2022-06-01,2
Pichincha,2022,7,16,7,0,0,2022-07-01,3
Pichincha,2022,8,22,3,0,0,2022-08-01,3
Pichincha,2022,9,20,5,0,1,2022-09-01,3
Pichincha,2022,10,24,6,0,0,2022-10-01,4
Pichincha,2022,11,34,17,0,1,2022-11-01,4
Pichincha,2022,12,24,5,0,0,2022-12-01,4
Pichincha,2023,1,29,5,0,2,2023-01-01,1
Pichincha,2023,2,27,8,0,3,2023-02-01,1
Pichincha,2023,3,36,5,0,5,2023-03-01,1
Pichincha,2023,4,24,1,0,0,2023-04-01,2
Pichincha,2023,5,35,3,4,2,2023-05-01,2
Pichincha,2023,6,27,5,0,1,2023-06-01,2
Pichincha,2023,7,21,8,0,1,2023-07-01,3
Pichincha,2023,8,23,4,0,2,2023-08-01,3
Pichincha,2023,9,22,1,0,4,2023-09-01,3
Pichincha,2023,10,31,5,0,0,2023-10-01,4
Pichincha,2023,11,22,5,1,0,2023-11-01,4
Pichincha,2023,12,29,2,0,1,2023-12-01,4
Pichincha,2024,1,17,4,0,2,2024-01-01,1
Pichincha,2024,2,13,2,0,0,2024-02-01,1
Pichincha,2024,3,23,10,0,1,2024-03-01,1
Pichincha,2024,4,24,11,0,0,2024-04-01,2
Pichincha,2024,5,15,3,0,0,2024-05-01,2
Pichincha,2024,6,31,6,2,3,2024-06-01,2
Pichincha,2024,7,41,9,0,1,2024-07-01,3
Pichincha,2024,8,26,6,0,1,2024-08-01,3
Pichincha,2024,9,28,10,1,0,2024-09-01,3
Pichincha,2024,10,23,6,0,2,2024-10-01,4
Pichincha,2024,11,24,7,0,1,2024-11-01,4
Pichincha,2024,12,22,7,0,1,2024-12-01,4
Pichincha,2025,1,11,1,0,0,2025-01-01,1
Pichincha,2025,2,23,2,0,3,2025-02-01,1
Pichincha,2025,3,27,8,0,1,2025-03-01,1
Pichincha,2025,4,31,3,0,3,2025-04-01,2
Pichincha,2025,5,40,10,0,2,2025-05-01,2
Pichincha,2025,6,28,11,0,1,2025-06-01,2
Pichincha,2025,7,23,13,0,0,2025-07-01,3
Pichincha,2025,8,22,3,0,1,2025-08-01,3
Pichincha,2025,9,21,3,0,0,2025-09-01,3
Pichincha,2025,10,31,7,0,2,2025-10-01,4
Pichincha,2025,11,34,8,0,1,2025-11-01,4
Pichincha,2025,12,31,8,0,3,2025-12-01,4
Pichincha,2026,1,29,7,0,1,2026-01-01,1
Pichincha,2026,2,22,12,0,0,2026-02-01,1
Pichincha,2026,3,31,8,0,1,2026-03-01,1
Pichincha,2026,4,19,3,0,1,2026-04-01,2
Pichincha,2026,5,20,5,0,1,2026-05-01,2
Pichincha,2026,6,19,5,0,1,2026-06-01,2
Santa Elena,2014,2,1,1,0,0,2014-02-01,1
Santa Elena,2014,3,2,2,0,0,2014-03-01,1
Santa Elena,2014,4,1,1,0,0,2014-04-01,2
Santa Elena,2014,5,1,0,0,0,2014-05-01,2
Santa Elena,2014,6,1,0,0,0,2014-06-01,2
Santa Elena,2014,9,1,1,0,0,2014-09-01,3
Santa Elena,2014,10,1,1,0,0,2014-10-01,4
Santa Elena,2014,11,1,0,0,1,2014-11-01,4
Santa Elena,2014,12,1,0,0,0,2014-12-01,4
Santa Elena,2015,1,2,0,0,1,2015-01-01,1
Santa Elena,2015,2,2,1,0,0,2015-02-01,1
Santa Elena,2015,3,2,2,0,0,2015-03-01,1
Santa Elena,2015,4,1,1,0,0,2015-04-01,2
Santa Elena,2015,5,2,2,0,0,2015-05-01,2
Santa Elena,2015,6,1,1,0,0,2015-06-01,2
Santa Elena,2015,7,1,1,0,0,2015-07-01,3
Santa Elena,2015,8,1,1,0,0,2015-08-01,3
Santa Elena,2015,9,1,1,0,0,2015-09-01,3
Santa Elena,2015,11,2,1,0,0,2015-11-01,4
Santa Elena,2016,1,2,2,0,0,2016-01-01,1
Santa Elena,2016,2,3,3,0,0,2016-02-01,1
Santa Elena,2016,3,3,2,0,1,2016-03-01,1
Santa Elena,2016,5,1,1,0,0,2016-05-01,2
Santa Elena,2016,6,3,3,0,0,2016-06-01,2
Santa Elena,2016,9,3,3,0,0,2016-09-01,3
Santa Elena,2016,12,2,1,0,0,2016-12-01,4
Santa Elena,2017,1,3,3,0,0,2017-01-01,1
Santa Elena,2017,2,1,0,0,1,2017-02-01,1
Santa Elena,2017,4,1,1,0,0,2017-04-01,2
Santa Elena,2017,6,1,0,0,1,2017-06-01,2
Santa Elena,2017,7,3,2,0,1,2017-07-01,3
Santa Elena,2017,11,2,2,0,0,2017-11-01,4
Santa Elena,2017,12,2,2,0,0,2017-12-01,4
Santa Elena,2018,2,2,2,0,0,2018-02-01,1
Santa Elena,2018,3,3,3,0,0,2018-03-01,1
Santa Elena,2018,7,1,1,0,0,2018-07-01,3
Santa Elena,2018,11,2,2,0,0,2018-11-01,4
Santa Elena,2019,5,1,1,0,0,2019-05-01,2
Santa Elena,2019,7,4,3,0,1,2019-07-01,3
Santa Elena,2019,10,2,2,0,0,2019-10-01,4
Santa Elena,2019,12,1,1,0,0,2019-12-01,4
Santa Elena,2020,1,3,3,0,0,2020-01-01,1
Santa Elena,2020,2,2,1,0,0,2020-02-01,1
Santa Elena,2020,3,2,2,0,0,2020-03-01,1
Santa Elena,2020,4,2,2,0,0,2020-04-01,2
Santa Elena,2020,5,1,0,0,0,2020-05-01,2
Santa Elena,2020,9,1,1,0,0,2020-09-01,3
Santa Elena,2020,10,1,1,0,0,2020-10-01,4
Santa Elena,2020,11,1,1,0,0,2020-11-01,4
Santa Elena,2020,12,2,2,0,0,2020-12-01,4
Santa Elena,2021,1,1,1,0,0,2021-01-01,1
Santa Elena,2021,2,1,0,0,1,2021-02-01,1
Santa Elena,2021,3,5,5,0,0,2021-03-01,1
Santa Elena,2021,4,2,2,0,0,2021-04-01,2
Santa Elena,2021,5,6,6,0,0,2021-05-01,2
Santa Elena,2021,6,4,3,0,0,2021-06-01,2
Santa Elena,2021,7,1,1,0,0,2021-07-01,3
Santa Elena,2021,8,8,8,0,0,2021-08-01,3
Santa Elena,2021,9,4,3,0,1,2021-09-01,3
Santa Elena,2021,10,6,6,0,0,2021-10-01,4
Santa Elena,2021,11,5,4,0,0,2021-11-01,4
Santa Elena,2021,12,3,3,0,0,2021-12-01,4
Santa Elena,2022,1,8,8,0,0,2022-01-01,1
Santa Elena,2022,2,4,4,0,0,2022-02-01,1
Santa Elena,2022,3,3,3,0,0,2022-03-01,1
Santa Elena,2022,4,12,11,0,1,2022-04-01,2
Santa Elena,2022,5,6,6,0,0,2022-05-01,2
Santa Elena,2022,6,7,7,0,0,2022-06-01,2
Santa Elena,2022,7,13,13,0,0,2022-07-01,3
Santa Elena,2022,8,6,4,0,1,2022-08-01,3
Santa Elena,2022,9,10,10,0,0,2022-09-01,3
Santa Elena,2022,10,11,10,0,1,2022-10-01,4
Santa Elena,2022,11,12,12,0,0,2022-11-01,4
Santa Elena,2022,12,26,26,0,0,2022-12-01,4
Santa Elena,2023,1,12,12,0,0,2023-01-01,1
Santa Elena,2023,2,11,10,0,0,2023-02-01,1
Santa Elena,2023,3,26,26,0,0,2023-03-01,1
Santa Elena,2023,4,12,12,0,0,2023-04-01,2
Santa Elena,2023,5,19,18,0,1,2023-05-01,2
Santa Elena,2023,6,17,15,2,0,2023-06-01,2
Santa Elena,2023,7,29,28,0,1,2023-07-01,3
Santa Elena,2023,8,20,20,0,0,2023-08-01,3
Santa Elena,2023,9,15,15,0,0,2023-09-01,3
Santa Elena,2023,10,35,33,1,0,2023-10-01,4
Santa Elena,2023,11,23,22,1,0,2023-11-01,4
Santa Elena,2023,12,34,34,0,0,2023-12-01,4
Santa Elena,2024,1,9,9,0,0,2024-01-01,1
Santa Elena,2024,2,12,12,0,0,2024-02-01,1
Santa Elena,2024,3,30,30,0,0,2024-03-01,1
Santa Elena,2024,4,13,13,0,0,2024-04-01,2
Santa Elena,2024,5,26,26,0,0,2024-05-01,2
Santa Elena,2024,6,15,15,0,0,2024-06-01,2
Santa Elena,2024,7,12,10,2,0,2024-07-01,3
Santa Elena,2024,8,18,18,0,0,2024-08-01,3
Santa Elena,2024,9,7,7,0,0,2024-09-01,3
Santa Elena,2024,10,18,18,0,0,2024-10-01,4
Santa Elena,2024,11,13,13,0,0,2024-11-01,4
Santa Elena,2024,12,16,16,0,0,2024-12-01,4
Santa Elena,2025,1,22,22,0,0,2025-01-01,1
Santa Elena,2025,2,19,18,0,0,2025-02-01,1
Santa Elena,2025,3,20,19,0,0,2025-03-01,1
Santa Elena,2025,4,13,13,0,0,2025-04-01,2
Santa Elena,2025,5,19,18,0,0,2025-05-01,2
Santa Elena,2025,6,15,15,0,0,2025-06-01,2
Santa Elena,2025,7,21,19,0,0,2025-07-01,3
Santa Elena,2025,8,13,13,0,0,2025-08-01,3
Santa Elena,2025,9,23,23,0,0,2025-09-01,3
Santa Elena,2025,10,30,30,0,0,2025-10-01,4
Santa Elena,2025,11,17,17,0,0,2025-11-01,4
Santa Elena,2025,12,16,15,0,0,2025-12-01,4
Santa Elena,2026,1,19,19,0,0,2026-01-01,1
Santa Elena,2026,2,12,12,0,0,2026-02-01,1
Santa Elena,2026,3,11,11,0,0,2026-03-01,1
Santa Elena,2026,4,19,19,0,0,2026-04-01,2
Santa Elena,2026,5,20,20,0,0,2026-05-01,2
Santa Elena,2026,6,30,30,0,0,2026-06-01,2
Sto Dgo De Los Tsáchilas,2014,1,5,2,0,0,2014-01-01,1
Sto Dgo De Los Tsáchilas,2014,2,6,2,0,0,2014-02-01,1
Sto Dgo De Los Tsáchilas,2014,3,13,8,0,0,2014-03-01,1
Sto Dgo De Los Tsáchilas,2014,4,5,4,0,0,2014-04-01,2
Sto Dgo De Los Tsáchilas,2014,5,2,1,0,0,2014-05-01,2
Sto Dgo De Los Tsáchilas,2014,6,4,4,0,0,2014-06-01,2
Sto Dgo De Los Tsáchilas,2014,7,2,1,0,0,2014-07-01,3
Sto Dgo De Los Tsáchilas,2014,8,3,1,1,0,2014-08-01,3
Sto Dgo De Los Tsáchilas,2014,9,7,5,0,2,2014-09-01,3
Sto Dgo De Los Tsáchilas,2014,11,3,1,0,2,2014-11-01,4
Sto Dgo De Los Tsáchilas,2014,12,3,2,0,0,2014-12-01,4
Sto Dgo De Los Tsáchilas,2015,1,2,2,0,0,2015-01-01,1
Sto Dgo De Los Tsáchilas,2015,2,3,1,0,1,2015-02-01,1
Sto Dgo De Los Tsáchilas,2015,3,4,3,0,1,2015-03-01,1
Sto Dgo De Los Tsáchilas,2015,4,1,1,0,0,2015-04-01,2
Sto Dgo De Los Tsáchilas,2015,5,3,2,0,0,2015-05-01,2
Sto Dgo De Los Tsáchilas,2015,6,1,1,0,0,2015-06-01,2
Sto Dgo De Los Tsáchilas,2015,7,6,6,0,0,2015-07-01,3
Sto Dgo De Los Tsáchilas,2015,8,2,2,0,0,2015-08-01,3
Sto Dgo De Los Tsáchilas,2015,9,2,2,0,0,2015-09-01,3
Sto Dgo De Los Tsáchilas,2015,10,3,3,0,0,2015-10-01,4
Sto Dgo De Los Tsáchilas,2015,11,1,1,0,0,2015-11-01,4
Sto Dgo De Los Tsáchilas,2015,12,1,1,0,0,2015-12-01,4
Sto Dgo De Los Tsáchilas,2016,1,3,3,0,0,2016-01-01,1
Sto Dgo De Los Tsáchilas,2016,3,4,4,0,0,2016-03-01,1
Sto Dgo De Los Tsáchilas,2016,4,3,3,0,0,2016-04-01,2
Sto Dgo De Los Tsáchilas,2016,5,1,1,0,0,2016-05-01,2
Sto Dgo De Los Tsáchilas,2016,7,3,1,0,2,2016-07-01,3
Sto Dgo De Los Tsáchilas,2016,8,2,1,0,0,2016-08-01,3
Sto Dgo De Los Tsáchilas,2016,9,2,1,0,1,2016-09-01,3
Sto Dgo De Los Tsáchilas,2016,10,4,3,0,1,2016-10-01,4
Sto Dgo De Los Tsáchilas,2016,11,1,1,0,0,2016-11-01,4
Sto Dgo De Los Tsáchilas,2016,12,2,2,0,0,2016-12-01,4
Sto Dgo De Los Tsáchilas,2017,2,6,5,0,0,2017-02-01,1
Sto Dgo De Los Tsáchilas,2017,3,1,1,0,0,2017-03-01,1
Sto Dgo De Los Tsáchilas,2017,4,4,2,0,0,2017-04-01,2
Sto Dgo De Los Tsáchilas,2017,5,2,2,0,0,2017-05-01,2
Sto Dgo De Los Tsáchilas,2017,6,4,2,0,1,2017-06-01,2
Sto Dgo De Los Tsáchilas,2017,7,2,2,0,0,2017-07-01,3
Sto Dgo De Los Tsáchilas,2017,9,4,4,0,0,2017-09-01,3
Sto Dgo De Los Tsáchilas,2017,10,2,2,0,0,2017-10-01,4
Sto Dgo De Los Tsáchilas,2017,11,2,2,0,0,2017-11-01,4
Sto Dgo De Los Tsáchilas,2017,12,4,4,0,0,2017-12-01,4
Sto Dgo De Los Tsáchilas,2018,1,1,1,0,0,2018-01-01,1
Sto Dgo De Los Tsáchilas,2018,2,6,4,0,0,2018-02-01,1
Sto Dgo De Los Tsáchilas,2018,3,2,1,0,1,2018-03-01,1
Sto Dgo De Los Tsáchilas,2018,4,4,3,0,0,2018-04-01,2
Sto Dgo De Los Tsáchilas,2018,5,3,1,0,0,2018-05-01,2
Sto Dgo De Los Tsáchilas,2018,6,3,3,0,0,2018-06-01,2
Sto Dgo De Los Tsáchilas,2018,7,2,1,0,0,2018-07-01,3
Sto Dgo De Los Tsáchilas,2018,8,3,1,0,1,2018-08-01,3
Sto Dgo De Los Tsáchilas,2018,9,3,1,0,0,2018-09-01,3
Sto Dgo De Los Tsáchilas,2018,10,4,3,0,0,2018-10-01,4
Sto Dgo De Los Tsáchilas,2018,11,1,1,0,0,2018-11-01,4
Sto Dgo De Los Tsáchilas,2018,12,4,1,1,1,2018-12-01,4
Sto Dgo De Los Tsáchilas,2019,1,4,3,0,0,2019-01-01,1
Sto Dgo De Los Tsáchilas,2019,2,2,2,0,0,2019-02-01,1
Sto Dgo De Los Tsáchilas,2019,3,1,0,0,1,2019-03-01,1
Sto Dgo De Los Tsáchilas,2019,4,1,1,0,0,2019-04-01,2
Sto Dgo De Los Tsáchilas,2019,5,2,1,0,1,2019-05-01,2
Sto Dgo De Los Tsáchilas,2019,6,6,4,0,0,2019-06-01,2
Sto Dgo De Los Tsáchilas,2019,7,3,2,0,0,2019-07-01,3
Sto Dgo De Los Tsáchilas,2019,8,1,0,0,0,2019-08-01,3
Sto Dgo De Los Tsáchilas,2019,9,2,1,1,0,2019-09-01,3
Sto Dgo De Los Tsáchilas,2019,10,1,1,0,0,2019-10-01,4
Sto Dgo De Los Tsáchilas,2019,11,4,0,0,0,2019-11-01,4
Sto Dgo De Los Tsáchilas,2019,12,1,0,0,0,2019-12-01,4
Sto Dgo De Los Tsáchilas,2020,1,2,1,0,0,2020-01-01,1
Sto Dgo De Los Tsáchilas,2020,2,5,1,0,0,2020-02-01,1
Sto Dgo De Los Tsáchilas,2020,3,1,0,0,0,2020-03-01,1
Sto Dgo De Los Tsáchilas,2020,4,1,0,0,0,2020-04-01,2
Sto Dgo De Los Tsáchilas,2020,5,2,1,0,0,2020-05-01,2
Sto Dgo De Los Tsáchilas,2020,6,3,1,0,0,2020-06-01,2
Sto Dgo De Los Tsáchilas,2020,7,4,1,0,1,2020-07-01,3
Sto Dgo De Los Tsáchilas,2020,8,3,2,0,0,2020-08-01,3
Sto Dgo De Los Tsáchilas,2020,9,3,1,0,0,2020-09-01,3
Sto Dgo De Los Tsáchilas,2020,10,4,1,0,0,2020-10-01,4
Sto Dgo De Los Tsáchilas,2020,11,5,3,0,1,2020-11-01,4
Sto Dgo De Los Tsáchilas,2020,12,3,2,0,0,2020-12-01,4
Sto Dgo De Los Tsáchilas,2021,1,1,1,0,0,2021-01-01,1
Sto Dgo De Los Tsáchilas,2021,2,4,3,0,1,2021-02-01,1
Sto Dgo De Los Tsáchilas,2021,3,5,2,0,0,2021-03-01,1
Sto Dgo De Los Tsáchilas,2021,4,9,7,0,1,2021-04-01,2
Sto Dgo De Los Tsáchilas,2021,5,3,3,0,0,2021-05-01,2
Sto Dgo De Los Tsáchilas,2021,6,2,2,0,0,2021-06-01,2
Sto Dgo De Los Tsáchilas,2021,7,6,6,0,0,2021-07-01,3
Sto Dgo De Los Tsáchilas,2021,8,5,3,0,0,2021-08-01,3
Sto Dgo De Los Tsáchilas,2021,9,8,6,0,0,2021-09-01,3
Sto Dgo De Los Tsáchilas,2021,10,4,4,0,0,2021-10-01,4
Sto Dgo De Los Tsáchilas,2021,11,14,10,0,1,2021-11-01,4
Sto Dgo De Los Tsáchilas,2021,12,10,6,1,0,2021-12-01,4
Sto Dgo De Los Tsáchilas,2022,1,10,5,0,0,2022-01-01,1
Sto Dgo De Los Tsáchilas,2022,2,4,3,0,0,2022-02-01,1
Sto Dgo De Los Tsáchilas,2022,3,9,8,0,0,2022-03-01,1
Sto Dgo De Los Tsáchilas,2022,4,5,4,0,0,2022-04-01,2
Sto Dgo De Los Tsáchilas,2022,5,61,60,0,0,2022-05-01,2
Sto Dgo De Los Tsáchilas,2022,6,20,17,0,2,2022-06-01,2
Sto Dgo De Los Tsáchilas,2022,7,30,29,0,0,2022-07-01,3
Sto Dgo De Los Tsáchilas,2022,8,10,7,0,0,2022-08-01,3
Sto Dgo De Los Tsáchilas,2022,9,20,18,0,0,2022-09-01,3
Sto Dgo De Los Tsáchilas,2022,10,24,22,2,0,2022-10-01,4
Sto Dgo De Los Tsáchilas,2022,11,7,4,0,0,2022-11-01,4
Sto Dgo De Los Tsáchilas,2022,12,14,12,0,0,2022-12-01,4
Sto Dgo De Los Tsáchilas,2023,1,13,12,0,0,2023-01-01,1
Sto Dgo De Los Tsáchilas,2023,2,22,18,0,0,2023-02-01,1
Sto Dgo De Los Tsáchilas,2023,3,14,12,0,1,2023-03-01,1
Sto Dgo De Los Tsáchilas,2023,4,14,11,0,0,2023-04-01,2
Sto Dgo De Los Tsáchilas,2023,5,13,11,0,0,2023-05-01,2
Sto Dgo De Los Tsáchilas,2023,6,16,12,1,0,2023-06-01,2
Sto Dgo De Los Tsáchilas,2023,7,5,5,0,0,2023-07-01,3
Sto Dgo De Los Tsáchilas,2023,8,11,10,0,0,2023-08-01,3
Sto Dgo De Los Tsáchilas,2023,9,10,10,0,0,2023-09-01,3
Sto Dgo De Los Tsáchilas,2023,10,10,7,0,0,2023-10-01,4
Sto Dgo De Los Tsáchilas,2023,11,13,9,0,1,2023-11-01,4
Sto Dgo De Los Tsáchilas,2023,12,19,19,0,0,2023-12-01,4
Sto Dgo De Los Tsáchilas,2024,1,4,3,0,0,2024-01-01,1
Sto Dgo De Los Tsáchilas,2024,2,9,4,0,0,2024-02-01,1
Sto Dgo De Los Tsáchilas,2024,3,4,2,0,1,2024-03-01,1
Sto Dgo De Los Tsáchilas,2024,4,3,2,0,0,2024-04-01,2
Sto Dgo De Los Tsáchilas,2024,5,3,2,0,0,2024-05-01,2
Sto Dgo De Los Tsáchilas,2024,6,10,10,0,0,2024-06-01,2
Sto Dgo De Los Tsáchilas,2024,7,3,3,0,0,2024-07-01,3
Sto Dgo De Los Tsáchilas,2024,8,4,4,0,0,2024-08-01,3
Sto Dgo De Los Tsáchilas,2024,9,5,4,0,0,2024-09-01,3
Sto Dgo De Los Tsáchilas,2024,10,6,6,0,0,2024-10-01,4
Sto Dgo De Los Tsáchilas,2024,11,9,7,0,0,2024-11-01,4
Sto Dgo De Los Tsáchilas,2024,12,6,5,0,0,2024-12-01,4
Sto Dgo De Los Tsáchilas,2025,1,6,6,0,0,2025-01-01,1
Sto Dgo De Los Tsáchilas,2025,2,7,5,0,0,2025-02-01,1
Sto Dgo De Los Tsáchilas,2025,3,5,5,0,0,2025-03-01,1
Sto Dgo De Los Tsáchilas,2025,4,12,10,0,0,2025-04-01,2
Sto Dgo De Los Tsáchilas,2025,5,8,7,0,0,2025-05-01,2
Sto Dgo De Los Tsáchilas,2025,6,8,7,0,0,2025-06-01,2
Sto Dgo De Los Tsáchilas,2025,7,17,16,0,0,2025-07-01,3
Sto Dgo De Los Tsáchilas,2025,8,28,26,0,1,2025-08-01,3
Sto Dgo De Los Tsáchilas,2025,9,21,17,0,0,2025-09-01,3
Sto Dgo De Los Tsáchilas,2025,10,19,16,0,0,2025-10-01,4
Sto Dgo De Los Tsáchilas,2025,11,13,11,0,0,2025-11-01,4
Sto Dgo De Los Tsáchilas,2025,12,17,17,0,0,2025-12-01,4
Sto Dgo De Los Tsáchilas,2026,1,8,7,0,1,2026-01-01,1
Sto Dgo De Los Tsáchilas,2026,2,7,6,0,0,2026-02-01,1
Sto Dgo De Los Tsáchilas,2026,3,4,4,0,0,2026-03-01,1
Sto Dgo De Los Tsáchilas,2026,4,2,1,0,0,2026-04-01,2
Sto Dgo De Los Tsáchilas,2026,5,10,10,0,0,2026-05-01,2
Sto Dgo De Los Tsáchilas,2026,6,6,6,0,0,2026-06-01,2
Sucumbíos,2014,1,6,6,0,0,2014-01-01,1
Sucumbíos,2014,2,3,2,0,0,2014-02-01,1
Sucumbíos,2014,3,2,2,0,0,2014-03-01,1
Sucumbíos,2014,4,9,7,0,0,2014-04-01,2
Sucumbíos,2014,5,2,1,0,0,2014-05-01,2
Sucumbíos,2014,6,4,3,0,0,2014-06-01,2
Sucumbíos,2014,7,1,1,0,0,2014-07-01,3
Sucumbíos,2014,8,2,2,0,0,2014-08-01,3
Sucumbíos,2014,9,1,0,0,0,2014-09-01,3
Sucumbíos,2014,10,4,2,0,0,2014-10-01,4
Sucumbíos,2014,11,6,6,0,0,2014-11-01,4
Sucumbíos,2014,12,5,3,0,1,2014-12-01,4
Sucumbíos,2015,1,1,1,0,0,2015-01-01,1
Sucumbíos,2015,2,7,6,0,0,2015-02-01,1
Sucumbíos,2015,3,8,8,0,0,2015-03-01,1
Sucumbíos,2015,4,3,3,0,0,2015-04-01,2
Sucumbíos,2015,5,1,0,0,1,2015-05-01,2
Sucumbíos,2015,6,1,0,0,1,2015-06-01,2
Sucumbíos,2015,7,1,1,0,0,2015-07-01,3
Sucumbíos,2015,8,4,3,0,0,2015-08-01,3
Sucumbíos,2015,9,1,0,0,0,2015-09-01,3
Sucumbíos,2015,10,3,3,0,0,2015-10-01,4
Sucumbíos,2015,11,1,1,0,0,2015-11-01,4
Sucumbíos,2015,12,1,1,0,0,2015-12-01,4
Sucumbíos,2016,1,3,2,0,0,2016-01-01,1
Sucumbíos,2016,2,1,1,0,0,2016-02-01,1
Sucumbíos,2016,3,4,2,0,0,2016-03-01,1
Sucumbíos,2016,6,5,5,0,0,2016-06-01,2
Sucumbíos,2016,7,4,4,0,0,2016-07-01,3
Sucumbíos,2016,8,1,1,0,0,2016-08-01,3
Sucumbíos,2016,9,3,2,0,1,2016-09-01,3
Sucumbíos,2016,10,1,1,0,0,2016-10-01,4
Sucumbíos,2016,11,3,2,0,1,2016-11-01,4
Sucumbíos,2016,12,3,2,0,1,2016-12-01,4
Sucumbíos,2017,1,1,1,0,0,2017-01-01,1
Sucumbíos,2017,2,4,4,0,0,2017-02-01,1
Sucumbíos,2017,3,8,6,0,1,2017-03-01,1
Sucumbíos,2017,4,2,2,0,0,2017-04-01,2
Sucumbíos,2017,5,2,2,0,0,2017-05-01,2
Sucumbíos,2017,6,4,3,0,1,2017-06-01,2
Sucumbíos,2017,7,3,3,0,0,2017-07-01,3
Sucumbíos,2017,8,3,3,0,0,2017-08-01,3
Sucumbíos,2017,9,1,1,0,0,2017-09-01,3
Sucumbíos,2017,10,1,1,0,0,2017-10-01,4
Sucumbíos,2017,11,4,4,0,0,2017-11-01,4
Sucumbíos,2017,12,4,4,0,0,2017-12-01,4
Sucumbíos,2018,1,1,0,0,0,2018-01-01,1
Sucumbíos,2018,2,1,0,0,1,2018-02-01,1
Sucumbíos,2018,3,3,2,0,0,2018-03-01,1
Sucumbíos,2018,4,3,2,0,1,2018-04-01,2
Sucumbíos,2018,5,5,4,0,0,2018-05-01,2
Sucumbíos,2018,6,1,1,0,0,2018-06-01,2
Sucumbíos,2018,7,5,4,0,0,2018-07-01,3
Sucumbíos,2018,8,1,1,0,0,2018-08-01,3
Sucumbíos,2018,9,3,3,0,0,2018-09-01,3
Sucumbíos,2018,10,3,3,0,0,2018-10-01,4
Sucumbíos,2018,11,4,4,0,0,2018-11-01,4
Sucumbíos,2018,12,2,2,0,0,2018-12-01,4
Sucumbíos,2019,1,4,4,0,0,2019-01-01,1
Sucumbíos,2019,2,4,2,0,1,2019-02-01,1
Sucumbíos,2019,3,3,3,0,0,2019-03-01,1
Sucumbíos,2019,4,2,1,0,1,2019-04-01,2
Sucumbíos,2019,5,1,1,0,0,2019-05-01,2
Sucumbíos,2019,6,1,0,0,1,2019-06-01,2
Sucumbíos,2019,7,2,1,0,0,2019-07-01,3
Sucumbíos,2019,8,1,1,0,0,2019-08-01,3
Sucumbíos,2019,9,1,1,0,0,2019-09-01,3
Sucumbíos,2019,10,5,4,0,0,2019-10-01,4
Sucumbíos,2019,11,4,4,0,0,2019-11-01,4
Sucumbíos,2019,12,2,1,0,0,2019-12-01,4
Sucumbíos,2020,1,2,2,0,0,2020-01-01,1
Sucumbíos,2020,2,3,3,0,0,2020-02-01,1
Sucumbíos,2020,3,2,2,0,0,2020-03-01,1
Sucumbíos,2020,4,6,5,0,0,2020-04-01,2
Sucumbíos,2020,5,2,0,0,1,2020-05-01,2
Sucumbíos,2020,7,2,2,0,0,2020-07-01,3
Sucumbíos,2020,8,4,2,0,0,2020-08-01,3
Sucumbíos,2020,9,2,1,0,0,2020-09-01,3
Sucumbíos,2020,10,2,1,0,0,2020-10-01,4
Sucumbíos,2020,11,6,5,0,1,2020-11-01,4
Sucumbíos,2020,12,2,2,0,0,2020-12-01,4
Sucumbíos,2021,1,3,1,0,2,2021-01-01,1
Sucumbíos,2021,2,1,0,0,0,2021-02-01,1
Sucumbíos,2021,3,2,2,0,0,2021-03-01,1
Sucumbíos,2021,4,5,3,0,0,2021-04-01,2
Sucumbíos,2021,5,2,2,0,0,2021-05-01,2
Sucumbíos,2021,6,1,1,0,0,2021-06-01,2
Sucumbíos,2021,7,2,2,0,0,2021-07-01,3
Sucumbíos,2021,8,2,0,0,1,2021-08-01,3
Sucumbíos,2021,9,3,2,0,1,2021-09-01,3
Sucumbíos,2021,10,9,8,0,0,2021-10-01,4
Sucumbíos,2021,11,2,1,0,0,2021-11-01,4
Sucumbíos,2021,12,7,5,0,2,2021-12-01,4
Sucumbíos,2022,1,23,22,0,0,2022-01-01,1
Sucumbíos,2022,2,1,1,0,0,2022-02-01,1
Sucumbíos,2022,3,4,4,0,0,2022-03-01,1
Sucumbíos,2022,4,2,2,0,0,2022-04-01,2
Sucumbíos,2022,5,9,9,0,0,2022-05-01,2
Sucumbíos,2022,6,6,5,0,0,2022-06-01,2
Sucumbíos,2022,7,6,5,0,0,2022-07-01,3
Sucumbíos,2022,8,4,4,0,0,2022-08-01,3
Sucumbíos,2022,9,10,9,0,1,2022-09-01,3
Sucumbíos,2022,10,7,6,0,0,2022-10-01,4
Sucumbíos,2022,11,6,5,0,0,2022-11-01,4
Sucumbíos,2022,12,4,3,0,0,2022-12-01,4
Sucumbíos,2023,1,10,9,0,0,2023-01-01,1
Sucumbíos,2023,2,5,4,0,0,2023-02-01,1
Sucumbíos,2023,3,11,9,0,0,2023-03-01,1
Sucumbíos,2023,4,7,7,0,0,2023-04-01,2
Sucumbíos,2023,5,4,4,0,0,2023-05-01,2
Sucumbíos,2023,6,6,6,0,0,2023-06-01,2
Sucumbíos,2023,7,3,3,0,0,2023-07-01,3
Sucumbíos,2023,8,4,4,0,0,2023-08-01,3
Sucumbíos,2023,9,12,10,0,1,2023-09-01,3
Sucumbíos,2023,10,8,7,0,1,2023-10-01,4
Sucumbíos,2023,11,15,14,0,0,2023-11-01,4
Sucumbíos,2023,12,16,15,0,0,2023-12-01,4
Sucumbíos,2024,1,12,10,2,0,2024-01-01,1
Sucumbíos,2024,2,4,4,0,0,2024-02-01,1
Sucumbíos,2024,3,11,11,0,0,2024-03-01,1
Sucumbíos,2024,4,4,3,0,1,2024-04-01,2
Sucumbíos,2024,5,5,4,0,0,2024-05-01,2
Sucumbíos,2024,6,10,9,0,0,2024-06-01,2
Sucumbíos,2024,7,9,9,0,0,2024-07-01,3
Sucumbíos,2024,8,14,14,0,0,2024-08-01,3
Sucumbíos,2024,9,18,15,0,1,2024-09-01,3
Sucumbíos,2024,10,28,28,0,0,2024-10-01,4
Sucumbíos,2024,11,21,21,0,0,2024-11-01,4
Sucumbíos,2024,12,21,20,0,0,2024-12-01,4
Sucumbíos,2025,1,17,15,1,0,2025-01-01,1
Sucumbíos,2025,2,10,10,0,0,2025-02-01,1
Sucumbíos,2025,3,13,12,0,0,2025-03-01,1
Sucumbíos,2025,4,4,4,0,0,2025-04-01,2
Sucumbíos,2025,5,17,16,0,0,2025-05-01,2
Sucumbíos,2025,6,7,7,0,0,2025-06-01,2
Sucumbíos,2025,7,4,4,0,0,2025-07-01,3
Sucumbíos,2025,8,12,10,0,0,2025-08-01,3
Sucumbíos,2025,9,3,3,0,0,2025-09-01,3
Sucumbíos,2025,10,2,1,0,1,2025-10-01,4
Sucumbíos,2025,11,13,12,0,0,2025-11-01,4
Sucumbíos,2025,12,9,7,0,0,2025-12-01,4
Sucumbíos,2026,1,8,8,0,0,2026-01-01,1
Sucumbíos,2026,2,9,8,0,0,2026-02-01,1
Sucumbíos,2026,3,16,15,0,1,2026-03-01,1
Sucumbíos,2026,4,16,15,0,0,2026-04-01,2
Sucumbíos,2026,5,6,6,0,0,2026-05-01,2
Sucumbíos,2026,6,16,16,0,0,2026-06-01,2
Tungurahua,2014,4,2,2,0,0,2014-04-01,2
Tungurahua,2014,5,2,2,0,0,2014-05-01,2
Tungurahua,2014,9,1,0,0,1,2014-09-01,3
Tungurahua,2014,10,3,1,0,1,2014-10-01,4
Tungurahua,2014,11,2,0,0,1,2014-11-01,4
Tungurahua,2014,12,1,0,0,0,2014-12-01,4
Tungurahua,2015,1,1,1,0,0,2015-01-01,1
Tungurahua,2015,3,1,1,0,0,2015-03-01,1
Tungurahua,2015,4,2,2,0,0,2015-04-01,2
Tungurahua,2015,5,1,0,0,1,2015-05-01,2
Tungurahua,2015,7,1,1,0,0,2015-07-01,3
Tungurahua,2015,8,1,0,0,1,2015-08-01,3
Tungurahua,2015,9,1,0,0,1,2015-09-01,3
Tungurahua,2015,12,1,1,0,0,2015-12-01,4
Tungurahua,2016,1,2,0,0,1,2016-01-01,1
Tungurahua,2016,3,1,1,0,0,2016-03-01,1
Tungurahua,2016,4,2,2,0,0,2016-04-01,2
Tungurahua,2016,5,1,1,0,0,2016-05-01,2
Tungurahua,2016,8,4,2,0,0,2016-08-01,3
Tungurahua,2016,9,1,1,0,0,2016-09-01,3
Tungurahua,2016,11,3,2,0,1,2016-11-01,4
Tungurahua,2016,12,3,2,0,0,2016-12-01,4
Tungurahua,2017,2,2,2,0,0,2017-02-01,1
Tungurahua,2017,3,2,1,0,0,2017-03-01,1
Tungurahua,2017,4,1,1,0,0,2017-04-01,2
Tungurahua,2017,5,2,1,0,1,2017-05-01,2
Tungurahua,2017,7,3,1,0,2,2017-07-01,3
Tungurahua,2017,9,1,0,0,0,2017-09-01,3
Tungurahua,2017,10,1,1,0,0,2017-10-01,4
Tungurahua,2017,12,2,1,0,1,2017-12-01,4
Tungurahua,2018,1,3,1,0,2,2018-01-01,1
Tungurahua,2018,2,1,0,0,0,2018-02-01,1
Tungurahua,2018,3,1,1,0,0,2018-03-01,1
Tungurahua,2018,5,1,1,0,0,2018-05-01,2
Tungurahua,2018,9,1,1,0,0,2018-09-01,3
Tungurahua,2018,10,3,2,0,0,2018-10-01,4
Tungurahua,2018,11,2,0,2,0,2018-11-01,4
Tungurahua,2019,1,2,2,0,0,2019-01-01,1
Tungurahua,2019,2,1,1,0,0,2019-02-01,1
Tungurahua,2019,3,2,2,0,0,2019-03-01,1
Tungurahua,2019,4,2,2,0,0,2019-04-01,2
Tungurahua,2019,5,2,2,0,0,2019-05-01,2
Tungurahua,2019,7,1,0,0,0,2019-07-01,3
Tungurahua,2019,9,2,1,0,1,2019-09-01,3
Tungurahua,2019,10,3,1,0,0,2019-10-01,4
Tungurahua,2019,12,2,2,0,0,2019-12-01,4
Tungurahua,2020,1,2,1,0,0,2020-01-01,1
Tungurahua,2020,4,1,0,0,0,2020-04-01,2
Tungurahua,2020,5,1,1,0,0,2020-05-01,2
Tungurahua,2020,6,3,3,0,0,2020-06-01,2
Tungurahua,2020,8,1,1,0,0,2020-08-01,3
Tungurahua,2020,10,4,1,0,0,2020-10-01,4
Tungurahua,2020,11,6,2,0,2,2020-11-01,4
Tungurahua,2021,1,1,1,0,0,2021-01-01,1
Tungurahua,2021,2,1,1,0,0,2021-02-01,1
Tungurahua,2021,4,1,0,0,1,2021-04-01,2
Tungurahua,2021,5,3,1,0,1,2021-05-01,2
Tungurahua,2021,6,4,3,0,1,2021-06-01,2
Tungurahua,2021,7,2,2,0,0,2021-07-01,3
Tungurahua,2021,8,1,1,0,0,2021-08-01,3
Tungurahua,2021,9,3,2,0,0,2021-09-01,3
Tungurahua,2021,10,2,2,0,0,2021-10-01,4
Tungurahua,2021,11,2,2,0,0,2021-11-01,4
Tungurahua,2021,12,1,1,0,0,2021-12-01,4
Tungurahua,2022,1,3,1,0,1,2022-01-01,1
Tungurahua,2022,2,2,2,0,0,2022-02-01,1
Tungurahua,2022,4,3,0,0,0,2022-04-01,2
Tungurahua,2022,5,5,4,0,0,2022-05-01,2
Tungurahua,2022,6,5,4,0,0,2022-06-01,2
Tungurahua,2022,7,4,3,0,0,2022-07-01,3
Tungurahua,2022,8,3,3,0,0,2022-08-01,3
Tungurahua,2022,9,4,4,0,0,2022-09-01,3
Tungurahua,2022,10,5,4,0,1,2022-10-01,4
Tungurahua,2022,11,6,6,0,0,2022-11-01,4
Tungurahua,2022,12,4,3,0,1,2022-12-01,4
Tungurahua,2023,1,2,2,0,0,2023-01-01,1
Tungurahua,2023,2,1,1,0,0,2023-02-01,1
Tungurahua,2023,3,1,0,0,0,2023-03-01,1
Tungurahua,2023,4,2,1,0,1,2023-04-01,2
Tungurahua,2023,5,5,4,0,0,2023-05-01,2
Tungurahua,2023,6,2,2,0,0,2023-06-01,2
Tungurahua,2023,7,1,0,0,1,2023-07-01,3
Tungurahua,2023,8,2,2,0,0,2023-08-01,3
Tungurahua,2023,9,4,4,0,0,2023-09-01,3
Tungurahua,2023,10,6,6,0,0,2023-10-01,4
Tungurahua,2023,11,5,5,0,0,2023-11-01,4
Tungurahua,2023,12,3,1,0,1,2023-12-01,4
Tungurahua,2024,1,5,4,0,1,2024-01-01,1
Tungurahua,2024,2,3,2,0,0,2024-02-01,1
Tungurahua,2024,3,5,3,0,1,2024-03-01,1
Tungurahua,2024,4,2,1,0,1,2024-04-01,2
Tungurahua,2024,5,2,2,0,0,2024-05-01,2
Tungurahua,2024,6,4,2,0,1,2024-06-01,2
Tungurahua,2024,7,5,3,0,0,2024-07-01,3
Tungurahua,2024,8,4,4,0,0,2024-08-01,3
Tungurahua,2024,9,7,6,0,0,2024-09-01,3
Tungurahua,2024,10,2,2,0,0,2024-10-01,4
Tungurahua,2024,11,10,10,0,0,2024-11-01,4
Tungurahua,2024,12,6,5,0,1,2024-12-01,4
Tungurahua,2025,1,11,11,0,0,2025-01-01,1
Tungurahua,2025,2,6,4,0,0,2025-02-01,1
Tungurahua,2025,3,5,4,0,1,2025-03-01,1
Tungurahua,2025,4,1,1,0,0,2025-04-01,2
Tungurahua,2025,5,2,2,0,0,2025-05-01,2
Tungurahua,2025,6,5,4,0,0,2025-06-01,2
Tungurahua,2025,7,4,4,0,0,2025-07-01,3
Tungurahua,2025,8,2,1,0,1,2025-08-01,3
Tungurahua,2025,9,1,1,0,0,2025-09-01,3
Tungurahua,2025,10,9,9,0,0,2025-10-01,4
Tungurahua,2025,11,8,7,0,1,2025-11-01,4
Tungurahua,2025,12,4,4,0,0,2025-12-01,4
Tungurahua,2026,1,6,6,0,0,2026-01-01,1
Tungurahua,2026,2,3,3,0,0,2026-02-01,1
Tungurahua,2026,3,4,4,0,0,2026-03-01,1
Tungurahua,2026,4,6,5,0,0,2026-04-01,2
Tungurahua,2026,5,2,2,0,0,2026-05-01,2
Tungurahua,2026,6,3,3,0,0,2026-06-01,2
Zamora Chinchipe,2014,10,1,0,0,0,2014-10-01,4
Zamora Chinchipe,2014,11,2,1,0,0,2014-11-01,4
Zamora Chinchipe,2014,12,1,0,0,0,2014-12-01,4
Zamora Chinchipe,2015,3,1,1,0,0,2015-03-01,1
Zamora Chinchipe,2015,4,1,0,0,0,2015-04-01,2
Zamora Chinchipe,2015,6,1,1,0,0,2015-06-01,2
Zamora Chinchipe,2016,5,1,1,0,0,2016-05-01,2
Zamora Chinchipe,2016,7,1,0,0,0,2016-07-01,3
Zamora Chinchipe,2016,9,1,1,0,0,2016-09-01,3
Zamora Chinchipe,2017,2,1,1,0,0,2017-02-01,1
Zamora Chinchipe,2017,5,2,1,0,0,2017-05-01,2
Zamora Chinchipe,2017,6,1,0,0,1,2017-06-01,2
Zamora Chinchipe,2017,10,1,0,0,0,2017-10-01,4
Zamora Chinchipe,2017,12,1,0,0,0,2017-12-01,4
Zamora Chinchipe,2018,3,1,0,0,0,2018-03-01,1
Zamora Chinchipe,2018,4,1,0,0,0,2018-04-01,2
Zamora Chinchipe,2018,7,2,0,0,1,2018-07-01,3
Zamora Chinchipe,2018,8,1,0,0,0,2018-08-01,3
Zamora Chinchipe,2018,9,1,1,0,0,2018-09-01,3
Zamora Chinchipe,2018,12,1,0,0,0,2018-12-01,4
Zamora Chinchipe,2019,3,1,0,0,0,2019-03-01,1
Zamora Chinchipe,2019,4,1,0,0,0,2019-04-01,2
Zamora Chinchipe,2020,3,1,0,0,0,2020-03-01,1
Zamora Chinchipe,2021,2,2,1,0,1,2021-02-01,1
Zamora Chinchipe,2021,3,1,1,0,0,2021-03-01,1
Zamora Chinchipe,2021,5,1,0,0,1,2021-05-01,2
Zamora Chinchipe,2021,7,1,0,0,0,2021-07-01,3
Zamora Chinchipe,2021,12,1,1,0,0,2021-12-01,4
Zamora Chinchipe,2022,1,1,1,0,0,2022-01-01,1
Zamora Chinchipe,2022,8,1,1,0,0,2022-08-01,3
Zamora Chinchipe,2022,11,1,0,0,0,2022-11-01,4
Zamora Chinchipe,2023,1,1,0,0,0,2023-01-01,1
Zamora Chinchipe,2023,3,2,2,0,0,2023-03-01,1
Zamora Chinchipe,2023,4,2,2,0,0,2023-04-01,2
Zamora Chinchipe,2023,5,3,2,0,0,2023-05-01,2
Zamora Chinchipe,2023,6,1,1,0,0,2023-06-01,2
Zamora Chinchipe,2023,7,1,1,0,0,2023-07-01,3
Zamora Chinchipe,2023,8,1,1,0,0,2023-08-01,3
Zamora Chinchipe,2023,10,1,0,0,0,2023-10-01,4
Zamora Chinchipe,2024,2,2,1,0,0,2024-02-01,1
Zamora Chinchipe,2024,4,1,0,0,0,2024-04-01,2
Zamora Chinchipe,2024,6,1,0,0,0,2024-06-01,2
Zamora Chinchipe,2024,7,1,1,0,0,2024-07-01,3
Zamora Chinchipe,2024,8,3,1,0,1,2024-08-01,3
Zamora Chinchipe,2024,9,1,1,0,0,2024-09-01,3
Zamora Chinchipe,2024,11,1,1,0,0,2024-11-01,4
Zamora Chinchipe,2025,1,2,2,0,0,2025-01-01,1
Zamora Chinchipe,2025,2,3,1,1,0,2025-02-01,1
Zamora Chinchipe,2025,3,3,2,0,1,2025-03-01,1
Zamora Chinchipe,2025,4,1,1,0,0,2025-04-01,2
Zamora Chinchipe,2025,5,2,1,0,0,2025-05-01,2
Zamora Chinchipe,2025,6,2,2,0,0,2025-06-01,2
Zamora Chinchipe,2025,7,2,1,0,0,2025-07-01,3
Zamora Chinchipe,2025,9,5,5,0,0,2025-09-01,3
Zamora Chinchipe,2025,10,1,0,0,0,2025-10-01,4
Zamora Chinchipe,2025,11,2,1,0,0,2025-11-01,4
Zamora Chinchipe,2025,12,2,2,0,0,2025-12-01,4
Zamora Chinchipe,2026,1,1,1,0,0,2026-01-01,1
Zamora Chinchipe,2026,4,2,2,0,0,2026-04-01,2
Zamora Chinchipe,2026,5,1,1,0,0,2026-05-01,2
Zamora Chinchipe,2026,6,2,2,0,0,2026-06-01,2
